Expense_ID,Project_ID,Expense_Date,Expense_Type,Amount
X600001,P3105,2026-11-28,Travel,48.47
X600002,P3101,2025-09-29,Travel,57.14
X600003,P3097,2026-06-14,Software,10.5
X600004,P3057,2026-04-11,Travel,35.76
X600005,P3092,2026-08-12,Training,23.16
X600006,P3097,2026-11-27,Client Event,55.19
X600007,P3066,2025-06-08,Accommodation,73.9
X600008,P3109,2025-08-29,Training,60.41
X600009,P3083,2026-08-01,Travel,144.52
X600010,P3051,2026-03-24,Other,165.01
X600011,P3116,2025-06-12,Accommodation,253.76
X600012,P3056,2026-10-26,Client Event,37.95
X600013,P3043,2025-07-04,Accommodation,12.61
X600014,P3087,2025-07-19,Accommodation,40.76
X600015,P3004,2025-06-03,Other,185.0
X600016,P3034,2026-05-07,Accommodation,27.39
X600017,P3025,2026-03-08,Accommodation,43.23
X600018,P3116,2026-07-23,Travel,147.51
X600019,P3068,2025-11-05,Accommodation,71.56
X600020,P3037,2026-03-25,Other,77.72
X600021,P3112,2025-11-25,Training,28.34
X600022,P3063,2026-01-25,Software,55.62
X600023,P3008,2025-10-15,Training,28.1
X600024,P3095,2025-06-21,Other,88.02
X600025,P3046,2025-10-07,Accommodation,38.14
X600026,P3018,2026-07-18,Other,102.17
X600027,P3073,2025-02-19,Other,87.89
X600028,P3067,2025-07-06,Accommodation,15.48
X600029,P3085,2025-04-26,Software,85.6
X600030,P3061,2026-12-25,Travel,74.71
X600031,P3049,2025-09-27,Training,118.33
X600032,P3094,2025-01-23,Software,114.48
X600033,P3118,2026-07-20,Other,28.78
X600034,P3101,2026-11-30,Software,49.34
X600035,P3087,2026-09-12,Client Event,50.74
X600036,P3105,2025-03-10,Travel,27.8
X600037,P3012,2026-02-22,Accommodation,67.48
X600038,P3055,2026-05-28,Travel,14.44
X600039,P3082,2026-04-24,Other,73.21
X600040,P3027,2025-03-25,Software,19.19
X600041,P3056,2026-12-03,Accommodation,22.45
X600042,P3120,2025-06-22,Other,6.69
X600043,P3063,2025-08-25,Software,50.94
X600044,P3094,2025-11-19,Accommodation,19.45
X600045,P3012,2025-02-02,Accommodation,76.7
X600046,P3009,2026-10-25,Accommodation,26.03
X600047,P3025,2026-07-06,Other,22.41
X600048,P3021,2025-07-02,Accommodation,208.15
X600049,P3103,2025-06-19,Travel,145.5
X600050,P3050,2026-01-03,Client Event,21.05
X600051,P3008,2025-01-12,Other,28.12
X600052,P3007,2026-06-17,Other,28.73
X600053,P3020,2026-02-18,Travel,116.84
X600054,P3041,2026-09-09,Client Event,58.14
X600055,P3046,2026-06-08,Travel,42.4
X600056,P3018,2026-04-25,Travel,65.34
X600057,P3084,2025-10-04,Travel,28.07
X600058,P3025,2025-04-03,Travel,113.08
X600059,P3081,2026-09-30,Software,42.73
X600060,P3117,2026-06-25,Software,25.57
X600061,P3058,2026-08-04,Software,29.28
X600062,P3114,2026-02-04,Travel,31.48
X600063,P3086,2026-08-03,Travel,37.94
X600064,P3075,2026-12-11,Travel,36.51
X600065,P3048,2025-06-24,Software,100.43
X600066,P3053,2026-11-30,Client Event,100.63
X600067,P3020,2025-07-18,Travel,65.54
X600068,P3022,2026-02-09,Client Event,54.51
X600069,P3097,2026-11-01,Training,57.41
X600070,P3017,2026-11-10,Other,27.72
X600071,P3070,2025-09-04,Software,51.82
X600072,P3029,2026-06-08,Training,163.69
X600073,P3091,2026-09-02,Travel,315.99
X600074,P3047,2026-10-19,Travel,22.3
X600075,P3052,2025-01-25,Travel,138.46
X600076,P3023,2025-04-24,Software,84.1
X600077,P3083,2025-04-23,Travel,71.45
X600078,P3032,2025-10-26,Travel,30.34
X600079,P3082,2026-03-21,Software,86.4
X600080,P3077,2025-06-05,Accommodation,71.3
X600081,P3018,2026-08-22,Client Event,37.12
X600082,P3117,2025-05-06,Accommodation,109.12
X600083,P3038,2025-03-05,Travel,101.38
X600084,P3012,2025-02-03,Travel,236.95
X600085,P3033,2026-06-09,Other,84.41
X600086,P3051,2026-03-01,Travel,39.46
X600087,P3079,2026-07-26,Travel,111.62
X600088,P3021,2025-07-09,Training,23.32
X600089,P3003,2026-08-26,Accommodation,39.07
X600090,P3014,2026-12-27,Training,69.52
X600091,P3056,2026-04-21,Accommodation,102.99
X600092,P3050,2026-01-24,Travel,56.59
X600093,P3097,2026-08-30,Travel,122.87
X600094,P3016,2025-10-23,Other,62.28
X600095,P3092,2026-11-17,Travel,29.29
X600096,P3091,2025-04-25,Client Event,118.15
X600097,P3116,2026-11-10,Accommodation,30.27
X600098,P3120,2025-04-04,Other,661.46
X600099,P3031,2025-05-31,Software,78.19
X600100,P3069,2025-01-14,Accommodation,50.02
X600101,P3089,2026-07-02,Travel,54.3
X600102,P3111,2026-10-03,Accommodation,32.9
X600103,P3116,2026-07-27,Software,23.44
X600104,P3001,2025-01-26,Travel,95.38
X600105,P3075,2026-04-29,Travel,24.97
X600106,P3016,2025-06-01,Client Event,20.0
X600107,P3062,2025-04-20,Travel,173.9
X600108,P3038,2026-10-23,Accommodation,36.95
X600109,P3027,2025-08-23,Travel,150.72
X600110,P3097,2026-09-10,Training,26.92
X600111,P3100,2025-10-18,Other,29.0
X600112,P3015,2026-06-24,Client Event,119.59
X600113,P3074,2025-10-06,Travel,89.44
X600114,P3037,2025-05-14,Accommodation,73.95
X600115,P3027,2026-12-08,Client Event,140.12
X600116,P3070,2026-09-13,Travel,47.63
X600117,P3032,2026-06-17,Software,68.9
X600118,P3074,2026-10-12,Travel,164.71
X600119,P3117,2025-06-01,Other,179.49
X600120,P3060,2025-04-17,Client Event,29.14
X600121,P3014,2025-11-26,Travel,67.37
X600122,P3004,2025-06-09,Software,274.0
X600123,P3005,2025-12-02,Other,37.68
X600124,P3007,2026-07-17,Travel,62.28
X600125,P3083,2025-06-02,Software,20.92
X600126,P3048,2026-09-06,Accommodation,69.06
X600127,P3061,2025-10-21,Other,36.04
X600128,P3039,2025-01-08,Software,16.41
X600129,P3019,2025-02-22,Travel,97.37
X600130,P3074,2025-04-06,Other,28.92
X600131,P3067,2025-12-29,Software,38.24
X600132,P3025,2025-04-07,Client Event,101.38
X600133,P3097,2025-01-31,Client Event,88.43
X600134,P3011,2025-06-09,Travel,177.96
X600135,P3026,2026-04-12,Travel,55.76
X600136,P3053,2026-01-22,Travel,34.46
X600137,P3045,2026-12-07,Travel,72.54
X600138,P3033,2026-01-10,Client Event,117.58
X600139,P3084,2026-07-29,Travel,117.15
X600140,P3091,2026-01-26,Software,36.29
X600141,P3091,2026-10-27,Travel,68.15
X600142,P3004,2026-09-17,Accommodation,114.83
X600143,P3033,2025-07-18,Other,45.73
X600144,P3010,2026-01-18,Software,86.71
X600145,P3036,2025-06-01,Software,58.66
X600146,P3007,2025-07-20,Travel,44.68
X600147,P3038,2025-05-11,Accommodation,198.75
X600148,P3011,2026-11-07,Travel,88.06
X600149,P3005,2026-05-20,Software,91.91
X600150,P3038,2026-09-18,Accommodation,18.61
X600151,P3082,2025-06-05,Travel,36.89
X600152,P3109,2026-01-13,Travel,110.55
X600153,P3003,2025-03-02,Travel,64.57
X600154,P3066,2025-06-11,Client Event,55.62
X600155,P3037,2026-12-11,Travel,35.66
X600156,P3054,2026-09-25,Software,49.69
X600157,P3096,2026-12-13,Accommodation,17.48
X600158,P3107,2026-12-29,Accommodation,92.07
X600159,P3009,2026-08-25,Client Event,82.55
X600160,P3042,2026-09-27,Accommodation,85.99
X600161,P3110,2026-03-07,Training,25.87
X600162,P3010,2025-12-05,Travel,283.41
X600163,P3061,2025-03-17,Travel,124.41
X600164,P3007,2026-09-25,Accommodation,39.02
X600165,P3054,2026-12-22,Accommodation,15.36
X600166,P3003,2026-11-26,Other,64.32
X600167,P3077,2026-04-29,Client Event,18.98
X600168,P3120,2025-06-19,Other,160.69
X600169,P3115,2025-02-23,Other,71.88
X600170,P3042,2026-09-15,Other,99.21
X600171,P3117,2025-01-30,Other,26.31
X600172,P3101,2026-04-24,Travel,124.42
X600173,P3022,2026-05-08,Other,89.0
X600174,P3027,2026-04-29,Travel,50.39
X600175,P3076,2026-04-17,Training,74.46
X600176,P3037,2025-05-01,Travel,117.48
X600177,P3089,2025-02-22,Software,24.06
X600178,P3118,2026-10-22,Training,44.08
X600179,P3113,2026-06-21,Accommodation,175.49
X600180,P3097,2025-12-01,Software,126.71
X600181,P3077,2026-12-16,Travel,27.39
X600182,P3009,2025-08-23,Accommodation,27.93
X600183,P3102,2026-10-08,Client Event,133.27
X600184,P3003,2026-03-24,Other,185.13
X600185,P3021,2026-01-21,Training,41.7
X600186,P3063,2026-10-04,Accommodation,19.04
X600187,P3068,2026-02-02,Training,24.0
X600188,P3002,2025-11-24,Travel,86.22
X600189,P3033,2026-03-31,Travel,45.62
X600190,P3012,2025-03-17,Accommodation,89.69
X600191,P3053,2025-05-21,Software,54.78
X600192,P3076,2025-05-01,Client Event,67.34
X600193,P3006,2025-12-25,Software,88.14
X600194,P3021,2026-09-11,Software,121.58
X600195,P3110,2025-06-13,Travel,54.94
X600196,P3105,2025-11-14,Accommodation,326.22
X600197,P3011,2026-04-23,Software,16.33
X600198,P3030,2026-10-14,Training,60.37
X600199,P3094,2026-02-24,Software,69.97
X600200,P3079,2025-01-20,Accommodation,131.21
X600201,P3077,2025-08-29,Training,67.73
X600202,P3062,2026-11-23,Travel,31.17
X600203,P3088,2026-04-29,Travel,232.86
X600204,P3085,2026-11-11,Travel,36.22
X600205,P3097,2026-08-15,Travel,24.08
X600206,P3061,2026-06-14,Software,73.22
X600207,P3097,2025-10-16,Accommodation,485.01
X600208,P3032,2026-01-11,Software,86.38
X600209,P3073,2025-06-04,Travel,31.27
X600210,P3014,2026-05-07,Travel,181.62
X600211,P3057,2025-07-02,Training,134.5
X600212,P3053,2025-11-11,Software,39.33
X600213,P3118,2025-03-21,Software,138.86
X600214,P3114,2025-05-30,Software,143.65
X600215,P3022,2025-03-16,Travel,27.7
X600216,P3011,2026-02-25,Travel,13.33
X600217,P3115,2025-08-09,Other,233.48
X600218,P3057,2025-06-22,Travel,98.16
X600219,P3095,2025-02-28,Client Event,83.16
X600220,P3103,2025-12-09,Client Event,86.34
X600221,P3004,2026-10-18,Other,35.12
X600222,P3034,2026-03-30,Software,74.2
X600223,P3009,2026-12-17,Travel,18.86
X600224,P3032,2025-03-05,Client Event,131.85
X600225,P3071,2026-12-10,Training,47.85
X600226,P3056,2026-11-28,Travel,119.84
X600227,P3111,2025-11-13,Other,18.96
X600228,P3038,2025-06-10,Software,132.8
X600229,P3074,2025-09-30,Client Event,94.9
X600230,P3047,2026-08-13,Client Event,80.49
X600231,P3023,2025-12-02,Client Event,82.37
X600232,P3080,2026-11-18,Travel,43.99
X600233,P3115,2025-02-05,Client Event,424.84
X600234,P3008,2026-12-28,Travel,17.77
X600235,P3112,2026-05-15,Other,82.9
X600236,P3112,2026-11-15,Accommodation,88.66
X600237,P3016,2026-11-16,Training,35.31
X600238,P3114,2025-08-31,Travel,20.62
X600239,P3088,2025-02-07,Software,64.25
X600240,P3044,2026-11-08,Accommodation,65.66
X600241,P3069,2025-04-13,Travel,31.3
X600242,P3053,2025-04-29,Travel,201.96
X600243,P3034,2025-06-20,Software,86.73
X600244,P3040,2026-04-24,Accommodation,34.18
X600245,P3012,2025-02-12,Training,27.48
X600246,P3102,2026-04-09,Travel,15.17
X600247,P3114,2026-07-19,Client Event,66.89
X600248,P3093,2026-04-11,Travel,52.36
X600249,P3078,2026-07-10,Travel,261.51
X600250,P3041,2025-11-10,Accommodation,79.09
X600251,P3096,2025-10-12,Client Event,208.2
X600252,P3038,2026-09-27,Travel,63.79
X600253,P3068,2026-04-26,Travel,79.25
X600254,P3069,2025-04-08,Travel,70.3
X600255,P3114,2026-05-03,Other,75.79
X600256,P3071,2026-02-18,Accommodation,119.5
X600257,P3067,2025-04-12,Software,22.28
X600258,P3038,2026-11-27,Training,161.25
X600259,P3083,2025-10-11,Other,53.8
X600260,P3099,2025-03-12,Other,98.9
X600261,P3007,2025-09-21,Other,141.15
X600262,P3026,2025-08-14,Accommodation,37.48
X600263,P3111,2025-03-22,Travel,27.68
X600264,P3056,2026-02-14,Training,20.76
X600265,P3055,2026-07-19,Training,140.05
X600266,P3046,2026-01-20,Travel,37.51
X600267,P3042,2025-07-15,Travel,18.08
X600268,P3036,2025-11-18,Accommodation,50.32
X600269,P3105,2025-09-25,Software,129.33
X600270,P3096,2026-06-12,Travel,114.69
X600271,P3057,2025-01-23,Accommodation,10.95
X600272,P3091,2026-08-26,Client Event,219.79
X600273,P3102,2025-08-15,Other,64.52
X600274,P3035,2026-07-16,Client Event,36.68
X600275,P3106,2026-09-08,Accommodation,60.33
X600276,P3007,2025-11-25,Accommodation,54.47
X600277,P3037,2026-07-09,Travel,178.83
X600278,P3091,2025-01-02,Software,113.83
X600279,P3058,2025-09-01,Travel,216.33
X600280,P3099,2026-02-08,Other,29.52
X600281,P3021,2026-11-02,Training,74.64
X600282,P3091,2025-04-21,Travel,79.57
X600283,P3115,2026-08-26,Travel,31.41
X600284,P3028,2025-03-03,Software,71.88
X600285,P3075,2026-09-30,Client Event,54.98
X600286,P3034,2025-09-13,Training,33.39
X600287,P3109,2025-10-16,Travel,33.84
X600288,P3109,2025-11-13,Training,346.3
X600289,P3012,2026-04-03,Software,119.32
X600290,P3109,2026-12-10,Travel,43.97
X600291,P3071,2025-02-06,Travel,19.91
X600292,P3015,2025-03-04,Travel,57.18
X600293,P3113,2026-06-05,Other,26.31
X600294,P3076,2025-07-04,Travel,70.98
X600295,P3106,2026-08-23,Travel,26.41
X600296,P3024,2026-07-15,Other,50.47
X600297,P3009,2025-09-21,Software,54.42
X600298,P3048,2025-05-29,Accommodation,689.44
X600299,P3086,2026-04-04,Travel,76.36
X600300,P3053,2026-10-17,Travel,50.86
X600301,P3041,2025-03-25,Travel,104.83
X600302,P3116,2026-11-15,Client Event,54.68
X600303,P3050,2025-09-17,Client Event,150.62
X600304,P3111,2025-04-17,Training,36.48
X600305,P3116,2025-12-22,Other,24.37
X600306,P3038,2026-04-17,Travel,23.6
X600307,P3039,2026-05-08,Other,37.93
X600308,P3040,2026-09-28,Accommodation,29.92
X600309,P3091,2026-05-06,Other,235.7
X600310,P3103,2026-05-23,Accommodation,131.55
X600311,P3073,2026-08-24,Client Event,27.23
X600312,P3072,2026-06-18,Accommodation,139.13
X600313,P3091,2025-03-04,Accommodation,156.63
X600314,P3114,2026-08-22,Accommodation,115.09
X600315,P3050,2025-06-27,Travel,110.42
X600316,P3118,2025-10-02,Training,20.97
X600317,P3029,2026-11-23,Accommodation,149.2
X600318,P3005,2026-02-14,Software,54.23
X600319,P3075,2026-12-26,Travel,47.74
X600320,P3036,2025-02-18,Travel,71.53
X600321,P3025,2025-07-07,Accommodation,111.87
X600322,P3036,2026-06-16,Software,206.08
X600323,P3041,2025-07-27,Travel,75.39
X600324,P3093,2026-02-22,Accommodation,48.56
X600325,P3004,2025-02-03,Travel,212.51
X600326,P3087,2025-06-03,Client Event,41.36
X600327,P3025,2025-09-18,Client Event,26.49
X600328,P3014,2026-05-19,Training,81.05
X600329,P3110,2026-05-01,Other,104.17
X600330,P3103,2025-12-21,Client Event,133.43
X600331,P3021,2025-03-03,Accommodation,69.76
X600332,P3095,2026-03-23,Software,124.21
X600333,P3004,2025-02-01,Travel,109.64
X600334,P3019,2026-04-09,Travel,77.18
X600335,P3007,2026-12-06,Travel,31.17
X600336,P3065,2025-06-20,Accommodation,39.0
X600337,P3060,2025-02-07,Client Event,58.47
X600338,P3073,2025-10-02,Accommodation,151.35
X600339,P3005,2026-01-16,Software,33.42
X600340,P3005,2026-02-07,Travel,117.06
X600341,P3062,2025-12-12,Travel,23.29
X600342,P3039,2026-08-06,Other,81.6
X600343,P3032,2025-05-25,Travel,40.96
X600344,P3045,2025-12-19,Accommodation,103.05
X600345,P3058,2026-12-08,Software,54.51
X600346,P3038,2025-03-08,Travel,34.8
X600347,P3007,2026-01-14,Other,31.6
X600348,P3054,2025-11-30,Software,140.43
X600349,P3075,2025-12-14,Accommodation,151.99
X600350,P3070,2025-12-23,Travel,24.56
X600351,P3011,2025-05-14,Client Event,45.51
X600352,P3098,2025-07-22,Accommodation,527.31
X600353,P3049,2025-01-05,Accommodation,144.42
X600354,P3114,2025-11-09,Training,37.8
X600355,P3048,2025-01-24,Software,33.05
X600356,P3104,2025-10-18,Accommodation,18.44
X600357,P3033,2026-10-17,Accommodation,73.17
X600358,P3094,2025-09-16,Travel,15.69
X600359,P3053,2026-10-14,Travel,63.39
X600360,P3056,2026-06-21,Accommodation,151.37
X600361,P3023,2025-07-21,Travel,129.92
X600362,P3016,2025-08-13,Accommodation,90.03
X600363,P3098,2026-10-17,Other,62.53
X600364,P3057,2025-12-30,Travel,96.62
X600365,P3100,2025-05-10,Travel,21.05
X600366,P3077,2025-06-24,Client Event,11.85
X600367,P3104,2026-06-20,Travel,85.46
X600368,P3073,2025-07-16,Other,106.11
X600369,P3038,2026-02-22,Accommodation,73.81
X600370,P3112,2025-04-18,Training,273.01
X600371,P3001,2026-04-11,Travel,67.04
X600372,P3061,2025-12-06,Travel,88.58
X600373,P3100,2025-09-09,Other,109.34
X600374,P3016,2025-07-05,Accommodation,13.96
X600375,P3086,2025-06-09,Software,34.58
X600376,P3112,2025-03-03,Accommodation,101.26
X600377,P3113,2025-11-12,Training,145.81
X600378,P3001,2025-10-26,Accommodation,99.01
X600379,P3059,2026-06-24,Travel,19.6
X600380,P3042,2026-11-16,Travel,37.28
X600381,P3105,2025-03-01,Travel,36.36
X600382,P3054,2026-02-08,Training,299.99
X600383,P3067,2025-10-05,Client Event,71.17
X600384,P3075,2025-06-01,Other,30.02
X600385,P3006,2025-09-30,Travel,87.07
X600386,P3031,2026-11-22,Software,21.41
X600387,P3004,2025-05-05,Client Event,44.67
X600388,P3091,2025-07-17,Travel,31.7
X600389,P3010,2026-05-12,Other,275.9
X600390,P3079,2025-10-24,Client Event,22.98
X600391,P3045,2025-05-30,Accommodation,95.84
X600392,P3027,2026-06-09,Training,418.82
X600393,P3109,2026-08-10,Travel,88.76
X600394,P3098,2026-04-13,Travel,116.27
X600395,P3034,2026-05-20,Other,22.29
X600396,P3108,2025-10-20,Travel,49.71
X600397,P3093,2026-07-03,Travel,73.13
X600398,P3029,2025-04-30,Other,59.55
X600399,P3052,2025-12-30,Other,81.9
X600400,P3042,2025-05-12,Other,36.2
X600401,P3035,2025-01-01,Client Event,48.56
X600402,P3029,2026-10-18,Accommodation,152.11
X600403,P3051,2025-12-06,Accommodation,216.18
X600404,P3006,2025-01-11,Other,66.85
X600405,P3040,2026-12-26,Travel,93.49
X600406,P3035,2025-08-07,Other,500.87
X600407,P3089,2026-06-25,Accommodation,38.75
X600408,P3098,2025-01-09,Accommodation,16.27
X600409,P3070,2025-12-07,Travel,44.94
X600410,P3008,2026-03-15,Client Event,31.41
X600411,P3055,2026-01-09,Accommodation,98.19
X600412,P3073,2026-08-08,Training,318.46
X600413,P3063,2026-05-11,Client Event,952.55
X600414,P3085,2025-08-16,Accommodation,29.09
X600415,P3118,2025-06-21,Accommodation,66.84
X600416,P3101,2026-09-29,Travel,27.72
X600417,P3015,2025-11-10,Other,89.38
X600418,P3033,2026-10-29,Accommodation,45.99
X600419,P3046,2025-12-27,Client Event,61.71
X600420,P3120,2025-05-09,Travel,50.59
X600421,P3024,2026-03-29,Travel,30.93
X600422,P3073,2026-01-06,Other,124.84
X600423,P3069,2026-10-16,Training,98.31
X600424,P3026,2026-06-21,Client Event,69.64
X600425,P3016,2025-07-31,Travel,44.66
X600426,P3043,2025-03-02,Travel,75.9
X600427,P3059,2026-10-17,Client Event,76.49
X600428,P3010,2025-04-28,Travel,67.93
X600429,P3021,2025-02-05,Travel,83.29
X600430,P3071,2026-02-18,Software,35.99
X600431,P3059,2026-01-15,Software,103.11
X600432,P3111,2025-09-18,Other,71.15
X600433,P3002,2025-12-24,Travel,76.41
X600434,P3071,2025-07-25,Training,54.97
X600435,P3059,2025-11-20,Other,47.17
X600436,P3026,2025-07-27,Travel,37.97
X600437,P3062,2026-01-20,Travel,42.74
X600438,P3053,2025-06-11,Training,158.76
X600439,P3062,2026-05-21,Travel,98.55
X600440,P3112,2025-08-14,Other,10.74
X600441,P3016,2026-03-23,Travel,26.02
X600442,P3051,2025-08-02,Client Event,111.63
X600443,P3106,2025-04-27,Other,69.11
X600444,P3045,2025-11-25,Accommodation,57.47
X600445,P3001,2025-04-14,Accommodation,94.42
X600446,P3083,2026-03-27,Accommodation,38.81
X600447,P3111,2025-08-04,Training,65.83
X600448,P3112,2026-05-22,Travel,228.51
X600449,P3111,2026-05-21,Travel,20.61
X600450,P3111,2026-06-27,Accommodation,192.36
X600451,P3064,2025-01-21,Client Event,55.08
X600452,P3098,2026-10-09,Training,53.97
X600453,P3072,2025-11-21,Travel,56.1
X600454,P3047,2025-03-13,Other,63.7
X600455,P3056,2026-05-06,Travel,18.29
X600456,P3024,2025-01-15,Accommodation,38.08
X600457,P3120,2025-09-10,Other,43.58
X600458,P3052,2025-05-05,Travel,46.96
X600459,P3101,2026-01-31,Travel,26.87
X600460,P3046,2026-06-27,Other,111.77
X600461,P3070,2025-07-31,Travel,186.16
X600462,P3016,2025-11-10,Software,27.69
X600463,P3101,2025-10-15,Accommodation,37.38
X600464,P3023,2026-06-13,Training,416.1
X600465,P3008,2026-10-11,Travel,44.39
X600466,P3016,2025-02-22,Accommodation,156.05
X600467,P3103,2025-02-12,Training,37.63
X600468,P3013,2026-03-11,Accommodation,80.93
X600469,P3027,2026-05-01,Other,142.22
X600470,P3010,2025-04-16,Accommodation,54.96
X600471,P3010,2026-01-09,Accommodation,16.7
X600472,P3084,2026-10-17,Travel,263.67
X600473,P3063,2025-11-13,Software,28.31
X600474,P3073,2025-10-12,Training,47.7
X600475,P3011,2025-02-12,Travel,98.29
X600476,P3049,2025-08-26,Software,66.95
X600477,P3035,2026-01-01,Software,15.17
X600478,P3064,2026-08-18,Other,54.06
X600479,P3117,2026-11-02,Accommodation,31.58
X600480,P3070,2026-07-30,Travel,54.65
X600481,P3071,2025-03-25,Software,81.32
X600482,P3109,2025-06-21,Software,15.15
X600483,P3071,2025-11-26,Accommodation,23.17
X600484,P3042,2026-08-22,Accommodation,13.4
X600485,P3100,2025-04-04,Travel,75.39
X600486,P3113,2026-01-11,Software,166.08
X600487,P3011,2026-05-21,Accommodation,40.37
X600488,P3093,2026-02-04,Accommodation,43.96
X600489,P3099,2025-10-25,Accommodation,36.67
X600490,P3065,2026-01-10,Software,143.66
X600491,P3024,2026-02-02,Travel,16.79
X600492,P3073,2025-10-08,Other,479.78
X600493,P3055,2025-10-31,Software,37.05
X600494,P3053,2026-08-17,Other,35.14
X600495,P3058,2025-04-11,Other,55.92
X600496,P3102,2026-10-03,Accommodation,211.96
X600497,P3087,2025-09-18,Other,85.99
X600498,P3028,2026-02-08,Travel,56.38
X600499,P3094,2026-11-02,Travel,108.04
X600500,P3011,2025-10-28,Travel,53.15
X600501,P3094,2026-06-01,Training,56.25
X600502,P3050,2025-08-18,Travel,85.34
X600503,P3102,2025-06-17,Software,56.83
X600504,P3034,2026-11-08,Accommodation,80.31
X600505,P3001,2026-02-01,Accommodation,136.44
X600506,P3113,2025-04-28,Training,63.05
X600507,P3052,2025-10-29,Accommodation,70.25
X600508,P3030,2025-07-05,Software,22.72
X600509,P3057,2025-03-05,Software,118.66
X600510,P3075,2026-01-01,Software,79.35
X600511,P3004,2025-05-07,Client Event,80.46
X600512,P3115,2025-05-27,Other,128.56
X600513,P3106,2025-04-22,Training,19.26
X600514,P3009,2026-08-29,Client Event,32.15
X600515,P3105,2026-09-22,Accommodation,143.2
X600516,P3116,2026-07-17,Other,15.68
X600517,P3035,2025-06-03,Travel,9.58
X600518,P3008,2025-05-24,Training,11.47
X600519,P3111,2025-03-06,Accommodation,47.54
X600520,P3031,2026-02-14,Client Event,14.12
X600521,P3043,2025-07-26,Accommodation,66.08
X600522,P3017,2025-07-09,Travel,86.94
X600523,P3108,2025-09-30,Accommodation,15.74
X600524,P3009,2026-11-27,Software,74.33
X600525,P3103,2026-02-23,Other,57.74
X600526,P3082,2025-05-14,Travel,117.72
X600527,P3044,2026-12-28,Accommodation,40.35
X600528,P3015,2026-02-12,Other,98.46
X600529,P3060,2025-07-28,Accommodation,22.62
X600530,P3023,2025-08-04,Accommodation,58.23
X600531,P3087,2026-11-22,Accommodation,112.55
X600532,P3078,2025-11-29,Other,48.31
X600533,P3038,2025-12-10,Accommodation,22.1
X600534,P3099,2025-06-09,Travel,40.12
X600535,P3064,2025-07-25,Training,113.35
X600536,P3027,2026-04-22,Client Event,30.16
X600537,P3051,2026-08-20,Accommodation,21.21
X600538,P3020,2026-09-10,Training,179.25
X600539,P3050,2025-02-13,Client Event,76.27
X600540,P3082,2026-09-16,Travel,158.44
X600541,P3063,2026-05-27,Software,44.26
X600542,P3019,2025-02-02,Client Event,46.87
X600543,P3074,2025-11-30,Training,179.32
X600544,P3053,2025-06-22,Other,78.26
X600545,P3031,2026-12-10,Travel,55.89
X600546,P3032,2025-02-14,Travel,105.31
X600547,P3108,2025-02-06,Other,139.45
X600548,P3084,2025-03-21,Other,85.1
X600549,P3070,2026-07-04,Client Event,38.18
X600550,P3033,2025-02-23,Client Event,23.13
X600551,P3102,2026-08-22,Training,11.7
X600552,P3117,2025-09-11,Accommodation,30.99
X600553,P3020,2025-09-20,Accommodation,94.47
X600554,P3009,2026-08-20,Travel,23.96
X600555,P3062,2025-12-31,Other,62.3
X600556,P3006,2025-02-20,Other,100.39
X600557,P3088,2026-05-17,Travel,49.54
X600558,P3087,2026-04-22,Travel,180.3
X600559,P3035,2025-12-10,Accommodation,43.47
X600560,P3022,2026-12-25,Other,51.72
X600561,P3099,2026-12-27,Travel,158.61
X600562,P3054,2025-01-14,Software,33.61
X600563,P3005,2025-04-16,Travel,141.28
X600564,P3082,2026-11-30,Accommodation,89.44
X600565,P3097,2026-01-26,Training,82.42
X600566,P3085,2026-01-16,Accommodation,54.6
X600567,P3091,2026-03-19,Accommodation,118.08
X600568,P3029,2026-11-17,Travel,141.06
X600569,P3054,2025-09-22,Other,30.72
X600570,P3075,2026-01-10,Accommodation,25.56
X600571,P3120,2025-12-08,Client Event,101.35
X600572,P3104,2026-04-19,Travel,74.35
X600573,P3112,2026-02-02,Travel,114.57
X600574,P3061,2026-08-27,Other,91.32
X600575,P3042,2026-09-05,Client Event,205.54
X600576,P3027,2026-03-11,Accommodation,129.54
X600577,P3063,2026-05-27,Software,38.73
X600578,P3029,2025-02-15,Software,52.85
X600579,P3023,2025-06-10,Software,60.73
X600580,P3020,2026-07-20,Travel,30.49
X600581,P3053,2025-06-08,Training,165.74
X600582,P3098,2026-05-27,Accommodation,58.18
X600583,P3074,2025-09-24,Other,102.42
X600584,P3017,2025-11-21,Other,27.59
X600585,P3071,2026-01-17,Training,40.85
X600586,P3100,2026-02-11,Travel,86.23
X600587,P3025,2025-08-29,Training,2.83
X600588,P3027,2026-10-07,Travel,30.79
X600589,P3062,2026-11-03,Travel,38.14
X600590,P3038,2025-01-04,Travel,25.75
X600591,P3047,2026-12-24,Software,45.78
X600592,P3023,2025-08-10,Training,130.92
X600593,P3033,2025-03-14,Travel,153.28
X600594,P3108,2026-05-25,Software,22.92
X600595,P3071,2025-07-06,Software,16.31
X600596,P3080,2026-04-21,Travel,48.4
X600597,P3090,2026-08-14,Other,93.35
X600598,P3022,2026-01-21,Training,40.01
X600599,P3096,2026-11-02,Accommodation,37.93
X600600,P3086,2025-04-29,Other,83.96
X600601,P3057,2025-10-10,Other,39.05
X600602,P3073,2025-09-26,Travel,27.55
X600603,P3106,2025-02-07,Training,173.57
X600604,P3031,2026-12-28,Training,100.81
X600605,P3086,2026-07-17,Accommodation,42.33
X600606,P3114,2026-03-31,Travel,21.37
X600607,P3030,2026-05-01,Accommodation,53.24
X600608,P3079,2025-08-29,Software,117.38
X600609,P3075,2025-11-05,Other,21.07
X600610,P3118,2026-11-27,Training,226.28
X600611,P3027,2025-10-23,Travel,67.22
X600612,P3054,2025-01-06,Accommodation,64.47
X600613,P3090,2026-08-04,Training,95.86
X600614,P3057,2025-08-25,Software,125.17
X600615,P3062,2026-04-10,Client Event,118.25
X600616,P3105,2026-12-27,Travel,55.51
X600617,P3059,2026-10-18,Software,101.65
X600618,P3085,2025-05-03,Accommodation,49.97
X600619,P3043,2026-04-28,Software,47.6
X600620,P3006,2025-05-26,Accommodation,87.88
X600621,P3106,2025-07-01,Accommodation,75.51
X600622,P3077,2025-03-21,Accommodation,18.9
X600623,P3099,2025-06-14,Training,88.73
X600624,P3038,2026-05-27,Software,104.71
X600625,P3072,2026-10-11,Travel,153.22
X600626,P3066,2026-11-13,Travel,133.4
X600627,P3060,2026-12-21,Travel,74.71
X600628,P3018,2026-05-11,Other,59.42
X600629,P3109,2026-07-05,Accommodation,47.14
X600630,P3088,2026-05-09,Travel,208.89
X600631,P3005,2025-09-30,Client Event,116.67
X600632,P3020,2025-04-21,Software,52.47
X600633,P3037,2026-10-24,Software,203.8
X600634,P3033,2025-11-24,Training,13.47
X600635,P3001,2026-05-06,Travel,164.77
X600636,P3019,2026-04-16,Accommodation,19.63
X600637,P3035,2025-06-14,Software,18.31
X600638,P3060,2026-06-23,Other,12.38
X600639,P3042,2026-12-17,Travel,212.78
X600640,P3046,2026-01-04,Other,29.07
X600641,P3062,2025-02-15,Client Event,111.06
X600642,P3025,2026-08-08,Travel,36.99
X600643,P3043,2025-03-02,Accommodation,162.01
X600644,P3045,2026-02-02,Travel,68.34
X600645,P3036,2025-04-10,Travel,99.34
X600646,P3100,2026-07-01,Client Event,13.29
X600647,P3029,2026-12-01,Travel,21.27
X600648,P3028,2025-08-28,Client Event,21.63
X600649,P3087,2025-11-19,Accommodation,68.12
X600650,P3048,2025-05-02,Training,50.72
X600651,P3006,2026-07-15,Travel,24.32
X600652,P3099,2026-02-26,Travel,96.01
X600653,P3035,2025-07-28,Client Event,116.62
X600654,P3059,2025-04-25,Training,101.65
X600655,P3074,2025-03-15,Travel,73.95
X600656,P3098,2025-04-11,Travel,37.87
X600657,P3091,2026-02-22,Other,40.89
X600658,P3064,2025-05-09,Other,83.46
X600659,P3056,2026-12-06,Client Event,69.62
X600660,P3059,2025-12-15,Travel,130.85
X600661,P3056,2026-01-23,Travel,202.54
X600662,P3055,2026-06-10,Client Event,25.94
X600663,P3051,2025-09-19,Client Event,50.26
X600664,P3007,2026-12-05,Software,89.22
X600665,P3079,2025-10-23,Training,178.27
X600666,P3062,2025-06-05,Travel,117.52
X600667,P3020,2026-01-09,Other,35.88
X600668,P3023,2026-08-26,Travel,85.25
X600669,P3015,2026-02-27,Travel,46.85
X600670,P3001,2025-12-03,Software,86.49
X600671,P3009,2025-04-24,Travel,29.21
X600672,P3029,2026-07-12,Travel,41.72
X600673,P3111,2025-12-21,Accommodation,70.97
X600674,P3040,2025-05-30,Software,59.28
X600675,P3100,2025-05-05,Training,262.67
X600676,P3032,2026-04-24,Other,103.49
X600677,P3108,2026-02-20,Travel,57.82
X600678,P3037,2026-08-25,Travel,46.47
X600679,P3027,2026-01-25,Travel,26.03
X600680,P3083,2025-10-19,Other,18.34
X600681,P3006,2026-07-08,Client Event,140.15
X600682,P3022,2026-01-10,Software,81.12
X600683,P3087,2025-12-16,Client Event,26.17
X600684,P3109,2026-01-06,Software,31.45
X600685,P3111,2026-11-24,Training,26.18
X600686,P3117,2026-09-08,Travel,39.84
X600687,P3086,2026-11-08,Other,86.71
X600688,P3065,2026-12-04,Training,76.95
X600689,P3088,2025-05-08,Software,130.27
X600690,P3048,2026-03-24,Travel,20.43
X600691,P3085,2026-01-23,Travel,87.1
X600692,P3012,2026-02-19,Client Event,46.95
X600693,P3119,2026-09-27,Travel,64.27
X600694,P3033,2026-07-04,Travel,52.76
X600695,P3099,2025-02-26,Software,47.42
X600696,P3074,2026-04-27,Travel,56.55
X600697,P3056,2026-03-06,Other,171.47
X600698,P3041,2025-09-07,Travel,43.82
X600699,P3006,2025-08-26,Software,44.07
X600700,P3115,2026-05-26,Client Event,308.28
X600701,P3035,2025-09-27,Travel,29.44
X600702,P3072,2025-11-30,Client Event,112.14
X600703,P3112,2026-09-28,Software,84.73
X600704,P3105,2025-05-01,Accommodation,185.09
X600705,P3085,2025-09-02,Other,32.73
X600706,P3091,2026-09-11,Other,57.87
X600707,P3102,2025-03-21,Software,41.45
X600708,P3014,2026-10-22,Accommodation,85.66
X600709,P3098,2025-05-30,Other,86.04
X600710,P3028,2025-07-14,Software,133.9
X600711,P3048,2026-09-13,Training,77.43
X600712,P3102,2026-06-16,Travel,71.53
X600713,P3103,2026-08-01,Software,288.54
X600714,P3110,2026-04-30,Travel,149.21
X600715,P3014,2026-05-28,Other,81.2
X600716,P3060,2025-09-07,Training,22.75
X600717,P3046,2025-12-26,Software,280.33
X600718,P3056,2026-02-01,Training,72.39
X600719,P3105,2026-09-19,Travel,186.28
X600720,P3064,2025-12-26,Software,270.07
X600721,P3001,2026-10-16,Software,300.96
X600722,P3095,2026-10-09,Software,128.51
X600723,P3001,2026-07-02,Other,11.49
X600724,P3101,2026-08-25,Travel,46.68
X600725,P3070,2025-10-23,Accommodation,44.61
X600726,P3087,2026-06-03,Software,262.95
X600727,P3115,2025-11-16,Travel,99.85
X600728,P3002,2025-05-18,Software,26.29
X600729,P3116,2025-09-28,Training,56.14
X600730,P3052,2026-09-19,Travel,318.11
X600731,P3025,2026-03-16,Training,45.44
X600732,P3089,2026-01-05,Other,63.2
X600733,P3043,2026-09-18,Accommodation,36.99
X600734,P3008,2026-09-05,Other,173.91
X600735,P3021,2025-05-28,Software,121.42
X600736,P3037,2026-03-10,Accommodation,127.85
X600737,P3034,2025-09-10,Accommodation,14.85
X600738,P3070,2026-07-17,Accommodation,50.66
X600739,P3087,2025-11-09,Software,61.31
X600740,P3053,2025-06-20,Travel,80.85
X600741,P3055,2025-07-15,Accommodation,33.4
X600742,P3019,2025-04-05,Other,63.7
X600743,P3077,2026-07-12,Travel,51.44
X600744,P3084,2025-05-25,Client Event,40.74
X600745,P3106,2025-12-23,Client Event,4.07
X600746,P3070,2026-01-04,Training,69.57
X600747,P3040,2025-10-07,Travel,36.36
X600748,P3102,2026-03-31,Other,67.87
X600749,P3089,2025-03-15,Client Event,110.35
X600750,P3090,2026-10-12,Other,13.88
X600751,P3090,2026-12-24,Other,80.88
X600752,P3057,2025-03-30,Other,48.26
X600753,P3053,2026-07-14,Accommodation,49.87
X600754,P3113,2025-05-31,Other,52.16
X600755,P3040,2025-05-04,Accommodation,145.6
X600756,P3109,2025-11-07,Training,80.82
X600757,P3009,2026-10-13,Training,304.11
X600758,P3040,2026-04-09,Travel,92.33
X600759,P3018,2025-06-12,Other,8.56
X600760,P3052,2026-08-27,Software,145.25
X600761,P3005,2025-12-16,Travel,31.45
X600762,P3016,2025-07-14,Client Event,38.58
X600763,P3004,2025-01-03,Travel,63.81
X600764,P3009,2026-05-11,Travel,145.84
X600765,P3058,2025-09-15,Other,78.07
X600766,P3109,2026-11-16,Software,213.31
X600767,P3104,2026-05-16,Other,46.71
X600768,P3035,2025-12-12,Training,30.78
X600769,P3048,2026-02-21,Software,79.54
X600770,P3089,2026-06-11,Accommodation,55.2
X600771,P3002,2025-06-24,Software,82.6
X600772,P3079,2026-02-03,Other,215.54
X600773,P3101,2025-05-19,Travel,36.89
X600774,P3117,2026-07-27,Accommodation,33.74
X600775,P3047,2026-12-11,Other,197.42
X600776,P3056,2025-07-10,Software,180.96
X600777,P3053,2026-02-05,Travel,28.81
X600778,P3021,2026-10-19,Travel,20.05
X600779,P3089,2026-05-18,Training,36.24
X600780,P3003,2026-02-01,Accommodation,17.36
X600781,P3077,2026-09-16,Travel,23.84
X600782,P3021,2025-10-08,Travel,94.25
X600783,P3005,2026-11-03,Travel,63.48
X600784,P3021,2026-05-07,Client Event,44.31
X600785,P3105,2025-11-28,Other,121.56
X600786,P3060,2025-02-06,Accommodation,39.89
X600787,P3100,2025-11-05,Accommodation,147.22
X600788,P3047,2025-10-24,Other,8.89
X600789,P3071,2026-03-05,Travel,20.61
X600790,P3062,2026-01-11,Software,326.91
X600791,P3051,2025-08-31,Software,39.28
X600792,P3070,2025-04-28,Other,11.12
X600793,P3096,2025-05-19,Travel,403.03
X600794,P3072,2025-03-27,Training,203.89
X600795,P3063,2025-07-14,Accommodation,152.28
X600796,P3108,2026-02-08,Accommodation,257.86
X600797,P3022,2026-03-29,Accommodation,11.5
X600798,P3065,2025-09-04,Client Event,92.79
X600799,P3027,2025-12-01,Accommodation,108.81
X600800,P3035,2025-07-04,Client Event,50.11
X600801,P3028,2025-08-12,Travel,31.28
X600802,P3056,2026-02-01,Travel,191.0
X600803,P3071,2026-05-09,Travel,103.93
X600804,P3028,2026-08-01,Client Event,250.53
X600805,P3051,2025-09-17,Other,145.89
X600806,P3066,2025-06-02,Accommodation,365.79
X600807,P3076,2025-08-29,Software,56.67
X600808,P3116,2026-11-23,Other,48.74
X600809,P3120,2026-07-31,Accommodation,63.0
X600810,P3067,2025-07-15,Software,192.64
X600811,P3117,2026-02-09,Other,45.58
X600812,P3074,2026-01-13,Accommodation,118.62
X600813,P3119,2025-05-30,Client Event,332.93
X600814,P3062,2026-03-03,Software,193.89
X600815,P3067,2025-05-15,Travel,56.94
X600816,P3119,2025-04-13,Client Event,31.4
X600817,P3034,2025-01-08,Accommodation,89.39
X600818,P3066,2025-11-23,Travel,44.34
X600819,P3040,2025-11-15,Travel,10.94
X600820,P3010,2026-12-22,Client Event,59.48
X600821,P3046,2026-08-17,Software,43.97
X600822,P3048,2026-01-21,Accommodation,34.52
X600823,P3027,2025-08-01,Software,65.02
X600824,P3098,2025-07-28,Other,28.04
X600825,P3025,2025-01-14,Travel,65.64
X600826,P3117,2025-01-31,Software,116.22
X600827,P3022,2025-08-26,Accommodation,50.4
X600828,P3048,2026-06-10,Travel,61.39
X600829,P3008,2026-02-03,Client Event,80.64
X600830,P3058,2026-10-16,Travel,70.6
X600831,P3030,2026-11-22,Other,38.22
X600832,P3094,2026-03-31,Accommodation,84.98
X600833,P3063,2026-09-23,Accommodation,68.94
X600834,P3083,2026-01-14,Accommodation,72.26
X600835,P3045,2026-08-05,Accommodation,51.27
X600836,P3008,2026-06-06,Other,90.55
X600837,P3111,2025-01-01,Other,54.03
X600838,P3070,2025-12-07,Travel,154.3
X600839,P3095,2026-02-09,Software,129.62
X600840,P3040,2026-07-24,Software,79.02
X600841,P3097,2025-02-10,Accommodation,25.07
X600842,P3072,2026-12-09,Other,50.22
X600843,P3047,2025-05-15,Software,35.16
X600844,P3074,2025-05-26,Travel,229.73
X600845,P3097,2025-01-13,Other,25.55
X600846,P3053,2026-02-17,Travel,154.81
X600847,P3014,2025-06-06,Software,60.29
X600848,P3040,2025-11-13,Travel,216.82
X600849,P3084,2026-12-15,Accommodation,266.9
X600850,P3036,2026-09-28,Travel,231.12
X600851,P3112,2026-04-07,Software,45.0
X600852,P3054,2025-03-06,Accommodation,95.62
X600853,P3024,2026-04-08,Travel,57.31
X600854,P3066,2025-05-26,Travel,35.24
X600855,P3075,2025-10-27,Other,25.13
X600856,P3081,2025-07-24,Other,242.59
X600857,P3015,2026-07-06,Other,17.82
X600858,P3064,2025-10-03,Training,55.19
X600859,P3116,2025-01-11,Client Event,29.63
X600860,P3107,2025-06-27,Other,63.88
X600861,P3019,2026-10-10,Software,31.12
X600862,P3013,2026-05-13,Software,25.11
X600863,P3068,2025-06-14,Accommodation,271.94
X600864,P3063,2025-07-04,Accommodation,69.51
X600865,P3005,2025-02-17,Accommodation,39.98
X600866,P3056,2025-01-30,Accommodation,56.09
X600867,P3091,2025-04-26,Travel,160.01
X600868,P3120,2026-08-24,Client Event,177.17
X600869,P3065,2026-02-04,Accommodation,76.72
X600870,P3093,2025-09-22,Travel,6.67
X600871,P3029,2026-05-03,Travel,187.57
X600872,P3066,2026-10-02,Training,98.23
X600873,P3084,2026-08-02,Other,94.65
X600874,P3054,2026-10-30,Other,217.9
X600875,P3041,2025-12-01,Software,41.84
X600876,P3042,2026-07-17,Travel,41.74
X600877,P3101,2025-10-13,Other,125.59
X600878,P3082,2025-02-16,Client Event,63.76
X600879,P3057,2026-11-29,Travel,67.14
X600880,P3089,2026-11-15,Software,54.79
X600881,P3008,2025-10-21,Client Event,11.4
X600882,P3118,2025-09-16,Other,62.65
X600883,P3012,2026-12-27,Travel,140.1
X600884,P3042,2025-06-11,Other,8.61
X600885,P3016,2026-05-08,Other,66.0
X600886,P3028,2025-12-02,Travel,148.61
X600887,P3066,2025-10-26,Accommodation,31.82
X600888,P3007,2026-05-21,Other,73.65
X600889,P3027,2026-06-07,Training,30.98
X600890,P3013,2026-12-31,Software,108.69
X600891,P3091,2026-10-06,Software,82.64
X600892,P3029,2026-05-30,Travel,87.67
X600893,P3093,2026-12-26,Training,77.51
X600894,P3020,2026-04-20,Travel,95.4
X600895,P3013,2026-09-16,Client Event,86.76
X600896,P3112,2025-02-11,Training,51.21
X600897,P3032,2025-03-24,Other,28.36
X600898,P3049,2026-05-01,Software,55.91
X600899,P3042,2026-11-25,Training,227.14
X600900,P3056,2026-01-31,Other,63.16
X600901,P3104,2025-07-19,Client Event,84.55
X600902,P3110,2026-12-21,Training,22.9
X600903,P3057,2025-03-24,Accommodation,215.5
X600904,P3116,2026-02-28,Other,142.76
X600905,P3031,2025-04-03,Other,159.03
X600906,P3042,2025-04-30,Software,211.39
X600907,P3011,2025-11-21,Travel,14.59
X600908,P3037,2026-06-12,Client Event,119.08
X600909,P3011,2026-07-31,Training,26.88
X600910,P3073,2025-11-21,Accommodation,29.5
X600911,P3043,2025-10-06,Travel,91.17
X600912,P3104,2025-08-07,Software,75.14
X600913,P3037,2026-01-03,Software,33.57
X600914,P3086,2026-01-30,Other,98.97
X600915,P3055,2025-03-11,Travel,61.94
X600916,P3022,2025-11-24,Other,60.42
X600917,P3113,2025-04-03,Other,93.82
X600918,P3044,2026-07-14,Client Event,40.21
X600919,P3017,2026-10-31,Training,81.55
X600920,P3049,2026-12-06,Software,42.9
X600921,P3061,2025-07-21,Travel,21.67
X600922,P3014,2026-02-24,Software,24.41
X600923,P3106,2026-12-07,Software,52.99
X600924,P3075,2025-07-15,Software,99.05
X600925,P3056,2026-04-25,Travel,148.26
X600926,P3045,2026-02-02,Software,25.11
X600927,P3089,2025-08-02,Software,78.88
X600928,P3042,2026-04-11,Travel,78.71
X600929,P3104,2026-05-16,Travel,79.22
X600930,P3025,2026-04-05,Software,135.43
X600931,P3120,2026-06-01,Client Event,74.39
X600932,P3067,2026-05-25,Other,125.6
X600933,P3076,2025-01-11,Software,144.06
X600934,P3001,2025-09-06,Training,59.7
X600935,P3067,2025-12-08,Client Event,136.02
X600936,P3111,2026-03-14,Travel,82.08
X600937,P3024,2025-04-27,Travel,93.34
X600938,P3085,2025-09-15,Software,80.44
X600939,P3110,2026-09-27,Accommodation,13.13
X600940,P3039,2026-09-06,Travel,172.44
X600941,P3002,2026-08-30,Travel,64.38
X600942,P3084,2026-02-22,Accommodation,217.14
X600943,P3036,2025-04-11,Client Event,95.6
X600944,P3089,2026-12-06,Software,114.74
X600945,P3059,2025-09-26,Training,30.73
X600946,P3077,2025-06-16,Travel,26.07
X600947,P3073,2026-10-18,Other,26.77
X600948,P3002,2025-02-17,Travel,74.87
X600949,P3073,2025-02-11,Other,160.87
X600950,P3107,2025-09-12,Accommodation,358.62
X600951,P3008,2025-09-10,Accommodation,75.94
X600952,P3103,2025-09-08,Training,98.47
X600953,P3055,2026-10-09,Client Event,64.13
X600954,P3108,2025-08-05,Accommodation,90.3
X600955,P3082,2025-09-16,Software,79.69
X600956,P3029,2025-01-07,Software,182.94
X600957,P3066,2025-08-14,Software,69.39
X600958,P3011,2026-12-21,Accommodation,82.9
X600959,P3001,2026-07-20,Software,103.26
X600960,P3007,2026-10-09,Software,44.2
X600961,P3034,2025-07-30,Training,84.14
X600962,P3068,2026-05-05,Travel,119.34
X600963,P3090,2025-11-11,Travel,7.46
X600964,P3059,2026-07-27,Other,93.6
X600965,P3113,2026-03-30,Travel,73.47
X600966,P3067,2026-03-16,Travel,10.97
X600967,P3090,2026-10-21,Travel,24.32
X600968,P3082,2025-01-19,Travel,34.31
X600969,P3011,2026-05-17,Travel,36.58
X600970,P3032,2026-03-22,Travel,63.8
X600971,P3061,2026-09-04,Travel,82.78
X600972,P3084,2025-01-23,Accommodation,50.01
X600973,P3072,2026-12-11,Travel,27.7
X600974,P3084,2026-10-10,Client Event,67.38
X600975,P3115,2026-02-13,Training,53.77
X600976,P3090,2026-02-01,Travel,309.76
X600977,P3068,2025-11-29,Accommodation,39.8
X600978,P3069,2026-08-13,Other,75.95
X600979,P3101,2026-09-19,Client Event,16.95
X600980,P3082,2026-06-18,Training,242.84
X600981,P3119,2026-02-07,Accommodation,447.65
X600982,P3019,2025-05-10,Software,7.39
X600983,P3110,2025-04-08,Travel,538.54
X600984,P3023,2025-11-27,Travel,49.39
X600985,P3012,2026-02-27,Travel,15.13
X600986,P3018,2025-07-31,Client Event,38.15
X600987,P3051,2026-04-21,Software,28.82
X600988,P3003,2026-12-25,Travel,36.36
X600989,P3044,2026-05-20,Other,15.48
X600990,P3030,2026-01-08,Other,27.11
X600991,P3103,2025-02-07,Other,52.82
X600992,P3075,2026-01-17,Travel,67.68
X600993,P3070,2025-12-15,Accommodation,120.55
X600994,P3010,2026-03-14,Travel,196.71
X600995,P3051,2026-04-04,Travel,50.91
X600996,P3070,2026-01-12,Accommodation,33.82
X600997,P3097,2026-03-30,Accommodation,109.14
X600998,P3089,2025-09-22,Software,40.81
X600999,P3016,2025-05-03,Software,199.24
X601000,P3112,2025-10-13,Travel,98.5
X601001,P3058,2025-11-29,Accommodation,27.2
X601002,P3087,2026-07-07,Other,56.02
X601003,P3093,2026-04-19,Other,14.0
X601004,P3048,2026-04-21,Travel,92.31
X601005,P3050,2026-09-15,Accommodation,76.65
X601006,P3111,2026-11-18,Client Event,17.49
X601007,P3011,2026-11-13,Accommodation,15.03
X601008,P3042,2025-04-17,Accommodation,35.97
X601009,P3011,2025-01-04,Travel,10.49
X601010,P3001,2026-03-14,Software,50.11
X601011,P3051,2025-11-27,Client Event,329.87
X601012,P3104,2026-11-19,Other,93.35
X601013,P3106,2025-05-24,Accommodation,59.31
X601014,P3052,2025-05-17,Travel,90.41
X601015,P3015,2026-06-27,Software,88.61
X601016,P3017,2025-06-27,Travel,138.93
X601017,P3117,2025-08-20,Training,35.47
X601018,P3012,2026-03-24,Client Event,330.5
X601019,P3009,2026-01-29,Travel,124.39
X601020,P3034,2025-10-22,Other,41.13
X601021,P3095,2026-09-28,Software,45.11
X601022,P3086,2025-07-23,Software,26.0
X601023,P3022,2026-04-29,Travel,182.31
X601024,P3030,2025-02-09,Travel,9.88
X601025,P3030,2025-07-13,Other,37.95
X601026,P3007,2026-01-31,Software,206.95
X601027,P3060,2026-03-30,Travel,65.21
X601028,P3082,2026-01-07,Other,133.54
X601029,P3093,2025-05-15,Accommodation,50.58
X601030,P3119,2026-04-13,Travel,113.99
X601031,P3088,2025-03-01,Training,40.0
X601032,P3012,2026-09-13,Travel,10.29
X601033,P3070,2025-09-25,Training,238.26
X601034,P3018,2026-08-28,Accommodation,42.69
X601035,P3003,2025-03-07,Accommodation,236.42
X601036,P3013,2025-07-14,Travel,100.01
X601037,P3005,2026-08-30,Client Event,176.46
X601038,P3116,2025-01-06,Client Event,23.94
X601039,P3033,2026-03-23,Client Event,41.31
X601040,P3043,2026-02-20,Other,89.81
X601041,P3084,2026-11-21,Client Event,21.11
X601042,P3057,2026-02-07,Software,30.43
X601043,P3083,2025-09-24,Other,64.51
X601044,P3016,2025-12-16,Accommodation,42.12
X601045,P3018,2025-02-10,Accommodation,248.15
X601046,P3033,2025-04-27,Client Event,98.13
X601047,P3100,2026-02-01,Client Event,46.3
X601048,P3074,2026-08-04,Travel,61.43
X601049,P3050,2026-05-12,Training,55.37
X601050,P3070,2025-07-31,Client Event,195.76
X601051,P3103,2025-02-17,Training,69.94
X601052,P3095,2026-09-23,Other,72.82
X601053,P3117,2025-10-10,Travel,39.62
X601054,P3086,2026-07-18,Other,10.5
X601055,P3079,2026-08-10,Client Event,81.35
X601056,P3045,2026-05-25,Client Event,19.66
X601057,P3044,2025-08-16,Accommodation,35.53
X601058,P3010,2026-06-08,Client Event,42.43
X601059,P3043,2026-02-10,Travel,187.81
X601060,P3003,2025-11-24,Accommodation,23.18
X601061,P3054,2025-07-06,Other,57.53
X601062,P3117,2025-01-24,Other,33.07
X601063,P3118,2026-06-24,Travel,245.53
X601064,P3009,2025-06-27,Client Event,88.8
X601065,P3085,2025-05-23,Other,118.3
X601066,P3106,2026-02-13,Accommodation,62.12
X601067,P3003,2025-05-26,Accommodation,42.27
X601068,P3058,2025-10-07,Travel,204.81
X601069,P3064,2025-01-09,Travel,45.33
X601070,P3083,2026-06-16,Client Event,21.0
X601071,P3107,2026-08-28,Travel,75.67
X601072,P3002,2026-02-12,Travel,18.03
X601073,P3116,2026-07-30,Accommodation,87.88
X601074,P3055,2026-07-14,Software,65.12
X601075,P3113,2026-06-22,Accommodation,101.81
X601076,P3028,2026-11-02,Travel,115.13
X601077,P3059,2026-01-24,Travel,56.75
X601078,P3102,2025-01-27,Accommodation,74.56
X601079,P3045,2026-12-11,Accommodation,25.92
X601080,P3117,2026-10-26,Software,182.35
X601081,P3066,2025-10-13,Accommodation,81.23
X601082,P3006,2025-09-26,Client Event,67.75
X601083,P3098,2025-04-10,Travel,25.73
X601084,P3042,2026-08-18,Client Event,22.87
X601085,P3063,2026-01-21,Other,53.39
X601086,P3049,2025-07-04,Other,23.94
X601087,P3110,2025-08-27,Training,131.52
X601088,P3015,2026-11-12,Accommodation,127.03
X601089,P3040,2026-12-15,Accommodation,56.45
X601090,P3058,2025-08-26,Client Event,27.62
X601091,P3032,2026-02-27,Travel,22.49
X601092,P3052,2025-07-26,Accommodation,75.86
X601093,P3036,2026-07-04,Accommodation,313.22
X601094,P3009,2026-09-18,Other,50.81
X601095,P3044,2025-05-26,Travel,51.92
X601096,P3053,2026-09-06,Travel,60.95
X601097,P3075,2025-08-29,Software,86.16
X601098,P3099,2025-04-19,Travel,28.88
X601099,P3088,2026-06-23,Software,67.22
X601100,P3041,2025-12-04,Client Event,11.29
X601101,P3054,2026-08-12,Travel,49.03
X601102,P3107,2026-05-09,Client Event,112.86
X601103,P3014,2025-10-12,Training,34.53
X601104,P3022,2025-06-16,Training,29.33
X601105,P3055,2025-09-02,Other,31.93
X601106,P3087,2026-03-20,Accommodation,26.85
X601107,P3081,2026-11-21,Travel,29.66
X601108,P3045,2026-10-23,Other,63.72
X601109,P3044,2025-12-30,Travel,34.27
X601110,P3056,2025-07-01,Software,49.46
X601111,P3031,2026-05-08,Travel,67.49
X601112,P3104,2026-04-18,Accommodation,73.64
X601113,P3069,2025-12-26,Travel,90.91
X601114,P3042,2025-10-27,Travel,82.71
X601115,P3105,2025-11-10,Training,51.58
X601116,P3064,2026-07-10,Client Event,201.75
X601117,P3009,2026-04-16,Software,69.52
X601118,P3042,2026-01-29,Software,142.55
X601119,P3074,2025-12-22,Other,200.74
X601120,P3111,2025-10-06,Accommodation,60.71
X601121,P3112,2025-10-07,Travel,29.75
X601122,P3053,2025-12-19,Accommodation,5.92
X601123,P3040,2026-11-16,Client Event,27.01
X601124,P3003,2026-05-27,Travel,48.45
X601125,P3022,2026-02-23,Software,111.49
X601126,P3002,2026-03-17,Client Event,109.88
X601127,P3030,2026-07-18,Other,63.54
X601128,P3037,2025-08-12,Other,42.97
X601129,P3108,2026-01-14,Travel,42.58
X601130,P3098,2025-04-24,Software,46.34
X601131,P3083,2025-06-12,Client Event,177.94
X601132,P3069,2025-12-24,Training,46.8
X601133,P3083,2026-12-02,Accommodation,37.38
X601134,P3015,2026-11-05,Travel,77.07
X601135,P3103,2025-02-18,Other,44.52
X601136,P3029,2026-08-07,Software,58.5
X601137,P3012,2026-03-08,Training,50.7
X601138,P3048,2026-10-27,Travel,59.0
X601139,P3093,2025-01-09,Other,23.82
X601140,P3051,2026-11-12,Other,160.75
X601141,P3038,2026-07-05,Other,245.35
X601142,P3106,2025-10-12,Travel,4.16
X601143,P3051,2026-01-31,Other,69.98
X601144,P3008,2026-06-16,Training,207.65
X601145,P3086,2025-07-14,Software,30.03
X601146,P3030,2026-03-17,Travel,69.01
X601147,P3002,2026-10-29,Software,33.33
X601148,P3093,2025-11-27,Accommodation,63.9
X601149,P3084,2025-06-17,Accommodation,54.93
X601150,P3069,2026-12-14,Travel,75.46
X601151,P3078,2026-08-23,Travel,46.99
X601152,P3072,2026-02-08,Accommodation,277.87
X601153,P3087,2025-02-24,Accommodation,80.16
X601154,P3112,2026-07-27,Training,28.51
X601155,P3064,2025-12-31,Training,31.6
X601156,P3076,2025-11-25,Travel,54.27
X601157,P3030,2026-04-21,Training,10.47
X601158,P3078,2026-06-29,Training,119.63
X601159,P3004,2025-09-24,Travel,169.0
X601160,P3104,2026-05-18,Software,58.38
X601161,P3060,2026-05-10,Other,186.14
X601162,P3002,2025-02-03,Software,24.33
X601163,P3033,2026-01-21,Travel,12.26
X601164,P3007,2025-12-20,Accommodation,30.79
X601165,P3099,2026-07-26,Training,47.38
X601166,P3077,2026-12-26,Client Event,23.26
X601167,P3080,2026-10-13,Training,77.99
X601168,P3083,2025-09-02,Accommodation,37.78
X601169,P3065,2025-03-16,Travel,47.78
X601170,P3006,2026-09-04,Accommodation,58.28
X601171,P3074,2026-12-18,Travel,52.56
X601172,P3080,2025-05-23,Accommodation,83.46
X601173,P3035,2025-12-16,Software,183.48
X601174,P3009,2026-05-16,Training,22.74
X601175,P3063,2026-10-24,Client Event,40.02
X601176,P3116,2026-06-07,Other,50.85
X601177,P3092,2025-10-30,Software,439.74
X601178,P3070,2025-05-04,Accommodation,126.81
X601179,P3060,2026-03-03,Travel,97.8
X601180,P3057,2025-12-06,Travel,44.42
X601181,P3112,2026-06-01,Training,19.4
X601182,P3081,2026-06-11,Travel,24.65
X601183,P3118,2025-12-28,Software,189.72
X601184,P3074,2025-09-24,Travel,89.44
X601185,P3044,2025-08-16,Training,95.72
X601186,P3052,2026-07-11,Accommodation,63.17
X601187,P3086,2025-05-27,Training,63.33
X601188,P3115,2026-09-13,Travel,123.69
X601189,P3055,2025-02-28,Travel,20.34
X601190,P3086,2026-09-29,Training,91.26
X601191,P3036,2025-11-21,Travel,70.28
X601192,P3108,2026-07-26,Software,22.27
X601193,P3029,2026-04-10,Client Event,48.96
X601194,P3042,2026-04-15,Other,132.56
X601195,P3010,2025-11-02,Software,26.42
X601196,P3015,2026-08-05,Client Event,138.89
X601197,P3074,2026-11-08,Travel,30.11
X601198,P3110,2025-03-11,Travel,212.3
X601199,P3016,2026-10-29,Client Event,55.41
X601200,P3001,2025-05-25,Accommodation,6.29
X601201,P3043,2025-08-04,Travel,128.73
X601202,P3061,2025-10-03,Client Event,50.4
X601203,P3095,2026-03-29,Other,46.16
X601204,P3118,2025-05-11,Travel,50.88
X601205,P3115,2025-06-14,Accommodation,81.21
X601206,P3038,2025-03-22,Travel,66.04
X601207,P3013,2025-06-23,Travel,37.22
X601208,P3091,2026-01-17,Other,100.94
X601209,P3066,2026-07-18,Accommodation,75.25
X601210,P3055,2025-11-07,Training,92.22
X601211,P3063,2025-07-02,Accommodation,99.6
X601212,P3050,2025-05-02,Travel,120.78
X601213,P3070,2026-03-19,Travel,41.11
X601214,P3119,2026-10-12,Accommodation,96.56
X601215,P3069,2026-02-20,Travel,87.84
X601216,P3026,2025-10-04,Other,71.59
X601217,P3038,2025-02-11,Travel,70.23
X601218,P3083,2025-04-20,Client Event,80.63
X601219,P3006,2026-01-11,Travel,92.02
X601220,P3116,2026-06-16,Software,46.38
X601221,P3095,2026-09-22,Travel,67.05
X601222,P3065,2026-07-16,Travel,30.36
X601223,P3120,2026-08-27,Software,293.2
X601224,P3110,2026-03-06,Accommodation,22.45
X601225,P3053,2026-08-15,Travel,20.38
X601226,P3041,2026-01-12,Accommodation,22.42
X601227,P3076,2025-08-20,Software,61.33
X601228,P3093,2025-09-04,Travel,142.81
X601229,P3011,2026-05-31,Other,178.16
X601230,P3013,2026-05-17,Travel,18.66
X601231,P3119,2025-12-08,Accommodation,38.63
X601232,P3010,2025-01-29,Travel,82.22
X601233,P3031,2025-10-05,Travel,118.94
X601234,P3040,2026-07-02,Accommodation,35.93
X601235,P3001,2026-11-18,Travel,91.39
X601236,P3096,2026-06-14,Travel,24.19
X601237,P3021,2026-11-09,Other,136.19
X601238,P3104,2025-09-08,Other,22.26
X601239,P3067,2026-11-17,Travel,36.2
X601240,P3102,2026-09-11,Training,110.26
X601241,P3030,2026-10-20,Travel,51.64
X601242,P3074,2026-02-24,Other,44.68
X601243,P3070,2025-04-01,Accommodation,67.03
X601244,P3076,2026-11-29,Software,296.6
X601245,P3111,2026-06-05,Software,767.89
X601246,P3103,2025-01-28,Accommodation,60.7
X601247,P3091,2026-07-09,Accommodation,42.57
X601248,P3089,2026-08-28,Travel,16.82
X601249,P3001,2026-04-19,Client Event,97.6
X601250,P3120,2026-09-05,Client Event,172.99
X601251,P3118,2025-09-13,Accommodation,66.4
X601252,P3072,2025-05-15,Other,53.33
X601253,P3002,2025-04-13,Travel,41.46
X601254,P3100,2025-02-06,Other,76.06
X601255,P3006,2025-03-18,Travel,51.48
X601256,P3032,2025-07-02,Accommodation,55.6
X601257,P3027,2026-02-02,Accommodation,45.85
X601258,P3043,2025-03-13,Accommodation,73.07
X601259,P3027,2025-10-17,Training,68.51
X601260,P3012,2026-08-19,Client Event,272.12
X601261,P3025,2026-02-19,Travel,22.2
X601262,P3089,2025-08-14,Travel,57.62
X601263,P3074,2026-12-27,Other,101.65
X601264,P3073,2025-11-13,Travel,24.1
X601265,P3067,2025-09-08,Travel,9.23
X601266,P3066,2025-09-18,Other,12.89
X601267,P3070,2025-08-18,Training,52.19
X601268,P3011,2026-04-10,Training,185.04
X601269,P3033,2026-07-20,Other,273.96
X601270,P3026,2025-09-08,Travel,50.74
X601271,P3024,2025-09-30,Software,39.88
X601272,P3029,2026-08-11,Other,66.94
X601273,P3120,2025-11-24,Training,37.33
X601274,P3040,2026-10-17,Accommodation,94.6
X601275,P3012,2026-03-29,Software,227.92
X601276,P3007,2025-08-30,Travel,86.18
X601277,P3029,2025-01-09,Client Event,214.45
X601278,P3034,2025-03-07,Training,53.88
X601279,P3074,2026-01-22,Accommodation,13.2
X601280,P3110,2026-10-01,Other,19.76
X601281,P3115,2025-10-16,Training,317.48
X601282,P3058,2025-04-18,Software,97.25
X601283,P3062,2025-01-27,Client Event,78.18
X601284,P3093,2025-02-12,Other,414.1
X601285,P3063,2025-11-25,Client Event,124.67
X601286,P3076,2025-10-30,Travel,114.57
X601287,P3049,2026-04-20,Software,53.02
X601288,P3089,2025-03-31,Other,20.99
X601289,P3081,2026-01-01,Client Event,65.79
X601290,P3052,2025-06-18,Travel,45.23
X601291,P3033,2026-04-11,Client Event,8.11
X601292,P3110,2026-04-21,Accommodation,506.45
X601293,P3024,2026-02-18,Travel,116.99
X601294,P3086,2026-05-08,Accommodation,21.87
X601295,P3086,2025-04-04,Travel,20.86
X601296,P3092,2026-08-26,Accommodation,72.11
X601297,P3057,2026-05-11,Other,59.64
X601298,P3104,2025-08-07,Accommodation,25.28
X601299,P3034,2025-12-22,Software,53.26
X601300,P3114,2026-10-08,Travel,30.23
X601301,P3032,2025-10-13,Travel,31.04
X601302,P3100,2025-07-12,Software,43.87
X601303,P3026,2026-10-22,Travel,137.15
X601304,P3044,2026-05-07,Client Event,30.68
X601305,P3060,2026-10-26,Accommodation,327.85
X601306,P3019,2025-03-08,Software,103.5
X601307,P3056,2025-01-13,Training,102.06
X601308,P3097,2026-07-30,Software,137.62
X601309,P3030,2025-08-14,Travel,55.67
X601310,P3047,2025-08-03,Travel,81.62
X601311,P3045,2026-06-29,Other,18.24
X601312,P3037,2026-12-31,Other,71.92
X601313,P3011,2026-12-01,Software,31.54
X601314,P3003,2025-07-30,Training,45.88
X601315,P3007,2026-12-14,Software,25.73
X601316,P3021,2026-05-14,Other,107.56
X601317,P3078,2026-10-21,Training,159.96
X601318,P3082,2025-07-03,Travel,115.36
X601319,P3077,2026-04-22,Client Event,47.35
X601320,P3027,2026-10-07,Travel,75.99
X601321,P3016,2025-02-28,Travel,87.52
X601322,P3080,2026-07-07,Client Event,88.62
X601323,P3100,2025-03-10,Accommodation,23.96
X601324,P3106,2026-05-03,Software,102.51
X601325,P3071,2026-01-29,Training,160.64
X601326,P3017,2025-10-12,Accommodation,61.11
X601327,P3035,2025-04-16,Travel,18.83
X601328,P3110,2025-11-20,Travel,81.26
X601329,P3013,2025-06-20,Accommodation,82.15
X601330,P3012,2025-01-31,Travel,26.82
X601331,P3009,2026-04-20,Accommodation,112.35
X601332,P3047,2026-08-05,Accommodation,184.91
X601333,P3040,2025-08-25,Other,129.13
X601334,P3023,2026-06-14,Accommodation,21.14
X601335,P3057,2025-09-27,Training,30.79
X601336,P3022,2025-11-18,Other,72.66
X601337,P3079,2025-01-13,Accommodation,226.68
X601338,P3115,2025-02-19,Other,90.13
X601339,P3053,2025-06-09,Client Event,120.57
X601340,P3092,2025-08-18,Client Event,120.54
X601341,P3074,2025-01-30,Training,19.72
X601342,P3061,2026-04-02,Software,26.3
X601343,P3026,2026-03-29,Accommodation,23.66
X601344,P3087,2026-04-24,Travel,97.9
X601345,P3004,2025-06-22,Travel,87.72
X601346,P3070,2025-10-23,Travel,65.28
X601347,P3010,2026-12-29,Accommodation,84.59
X601348,P3067,2026-11-05,Client Event,48.18
X601349,P3106,2026-07-28,Other,56.2
X601350,P3065,2025-07-13,Other,49.14
X601351,P3055,2026-07-05,Travel,115.77
X601352,P3026,2026-02-08,Software,100.97
X601353,P3036,2025-06-25,Travel,44.98
X601354,P3043,2026-09-22,Accommodation,19.28
X601355,P3091,2025-12-31,Other,45.67
X601356,P3101,2025-07-18,Client Event,65.54
X601357,P3016,2026-07-29,Accommodation,61.04
X601358,P3060,2025-07-14,Client Event,39.87
X601359,P3007,2026-05-10,Other,28.6
X601360,P3082,2025-05-21,Software,40.91
X601361,P3009,2025-08-06,Client Event,101.41
X601362,P3059,2026-06-12,Accommodation,81.54
X601363,P3108,2026-06-04,Travel,70.7
X601364,P3018,2026-06-27,Other,375.68
X601365,P3024,2025-09-30,Travel,143.07
X601366,P3015,2025-10-10,Training,63.07
X601367,P3038,2026-08-01,Travel,145.56
X601368,P3081,2025-08-24,Client Event,23.08
X601369,P3093,2026-10-08,Travel,75.11
X601370,P3053,2026-03-17,Software,27.46
X601371,P3004,2025-04-14,Accommodation,206.3
X601372,P3018,2025-09-03,Travel,241.9
X601373,P3048,2026-06-02,Travel,88.65
X601374,P3091,2025-07-05,Accommodation,91.83
X601375,P3032,2026-08-28,Accommodation,25.54
X601376,P3015,2026-05-12,Accommodation,47.86
X601377,P3062,2025-12-25,Other,38.24
X601378,P3077,2025-12-18,Software,47.58
X601379,P3082,2026-01-14,Client Event,49.71
X601380,P3116,2026-02-22,Other,39.43
X601381,P3031,2025-04-15,Software,34.99
X601382,P3064,2025-10-25,Travel,23.77
X601383,P3109,2025-08-31,Software,182.61
X601384,P3101,2026-12-25,Accommodation,330.57
X601385,P3017,2026-08-26,Training,47.05
X601386,P3039,2026-03-08,Training,81.3
X601387,P3022,2025-05-23,Training,129.4
X601388,P3041,2025-10-26,Training,18.5
X601389,P3020,2025-01-06,Accommodation,91.58
X601390,P3014,2025-10-15,Accommodation,114.31
X601391,P3036,2026-05-15,Training,23.81
X601392,P3094,2026-11-21,Travel,58.04
X601393,P3061,2025-05-07,Client Event,46.97
X601394,P3048,2025-07-08,Client Event,71.06
X601395,P3053,2026-01-21,Training,39.83
X601396,P3103,2025-07-24,Travel,48.04
X601397,P3029,2026-06-30,Training,66.56
X601398,P3088,2026-08-05,Other,97.39
X601399,P3118,2026-11-02,Training,60.67
X601400,P3054,2026-09-06,Software,111.73
X601401,P3115,2025-05-01,Accommodation,20.56
X601402,P3095,2026-02-05,Software,60.65
X601403,P3016,2025-04-21,Travel,102.37
X601404,P3022,2025-05-02,Accommodation,33.13
X601405,P3094,2026-03-02,Accommodation,170.12
X601406,P3037,2025-02-18,Client Event,96.02
X601407,P3062,2026-08-06,Other,108.58
X601408,P3076,2026-07-21,Other,35.42
X601409,P3058,2026-12-18,Software,28.81
X601410,P3063,2025-07-26,Accommodation,66.12
X601411,P3074,2025-09-04,Other,91.22
X601412,P3067,2026-09-24,Client Event,122.37
X601413,P3111,2025-04-12,Training,32.17
X601414,P3024,2026-12-18,Accommodation,313.25
X601415,P3027,2026-04-27,Travel,64.0
X601416,P3028,2026-08-07,Accommodation,49.03
X601417,P3064,2025-06-30,Software,23.19
X601418,P3066,2026-04-17,Client Event,14.71
X601419,P3024,2025-09-24,Accommodation,191.38
X601420,P3005,2026-12-07,Accommodation,139.63
X601421,P3086,2026-09-29,Accommodation,173.89
X601422,P3089,2026-11-13,Client Event,14.67
X601423,P3103,2026-10-14,Client Event,64.41
X601424,P3044,2025-04-10,Accommodation,53.02
X601425,P3010,2026-10-28,Client Event,26.02
X601426,P3026,2025-06-16,Accommodation,153.13
X601427,P3084,2026-05-11,Travel,52.45
X601428,P3100,2025-09-01,Travel,44.95
X601429,P3028,2025-01-06,Travel,49.58
X601430,P3067,2026-11-29,Client Event,113.0
X601431,P3023,2026-05-07,Client Event,17.5
X601432,P3102,2026-10-14,Travel,128.66
X601433,P3052,2025-05-12,Travel,24.4
X601434,P3106,2026-09-10,Travel,247.24
X601435,P3019,2026-03-21,Accommodation,84.15
X601436,P3088,2025-03-25,Software,20.11
X601437,P3035,2025-12-19,Training,54.9
X601438,P3066,2025-12-30,Other,29.22
X601439,P3076,2026-01-15,Software,36.45
X601440,P3120,2025-07-25,Software,57.73
X601441,P3056,2025-12-26,Software,32.78
X601442,P3089,2025-06-09,Training,44.65
X601443,P3013,2025-03-10,Accommodation,96.43
X601444,P3051,2025-08-31,Travel,40.1
X601445,P3033,2025-10-09,Travel,49.64
X601446,P3022,2025-03-20,Travel,184.58
X601447,P3091,2025-10-14,Accommodation,9.64
X601448,P3069,2026-07-17,Other,331.14
X601449,P3063,2025-11-13,Accommodation,27.64
X601450,P3058,2026-09-24,Training,650.53
X601451,P3023,2026-05-07,Travel,210.2
X601452,P3037,2026-04-03,Other,14.93
X601453,P3003,2026-07-30,Travel,74.19
X601454,P3075,2026-03-16,Travel,58.86
X601455,P3040,2026-03-05,Travel,38.24
X601456,P3053,2026-10-03,Training,43.11
X601457,P3079,2025-03-12,Client Event,44.2
X601458,P3030,2025-05-03,Other,145.2
X601459,P3081,2025-09-25,Travel,86.09
X601460,P3084,2026-11-06,Travel,108.07
X601461,P3091,2025-04-15,Other,155.59
X601462,P3038,2025-03-06,Client Event,6.61
X601463,P3117,2026-02-23,Accommodation,85.37
X601464,P3004,2026-10-05,Training,128.12
X601465,P3006,2026-07-28,Travel,40.74
X601466,P3120,2026-07-18,Travel,141.78
X601467,P3071,2025-07-30,Software,56.46
X601468,P3119,2026-01-09,Other,49.37
X601469,P3029,2025-02-28,Software,108.66
X601470,P3030,2025-08-05,Training,97.38
X601471,P3091,2026-05-16,Training,181.32
X601472,P3005,2026-06-07,Other,48.25
X601473,P3115,2026-10-06,Accommodation,283.14
X601474,P3045,2025-11-28,Other,24.05
X601475,P3037,2025-02-07,Client Event,34.33
X601476,P3079,2026-04-07,Other,79.77
X601477,P3011,2026-03-20,Other,108.11
X601478,P3054,2025-01-23,Travel,33.74
X601479,P3115,2025-02-27,Travel,106.93
X601480,P3055,2026-11-13,Software,108.47
X601481,P3073,2025-05-13,Accommodation,95.42
X601482,P3022,2025-09-04,Client Event,16.19
X601483,P3024,2026-09-21,Accommodation,170.48
X601484,P3074,2025-03-23,Travel,485.92
X601485,P3005,2026-11-13,Other,42.28
X601486,P3045,2026-07-31,Software,14.01
X601487,P3112,2026-04-02,Client Event,119.14
X601488,P3116,2026-07-13,Accommodation,39.86
X601489,P3038,2026-08-12,Other,17.36
X601490,P3026,2026-08-17,Software,90.99
X601491,P3058,2025-07-27,Travel,47.29
X601492,P3104,2026-05-09,Accommodation,29.15
X601493,P3081,2025-06-04,Travel,111.57
X601494,P3042,2025-01-10,Accommodation,56.77
X601495,P3046,2026-12-13,Other,138.62
X601496,P3003,2026-05-06,Travel,103.79
X601497,P3109,2026-05-05,Client Event,37.93
X601498,P3083,2025-05-12,Accommodation,67.47
X601499,P3120,2026-06-13,Travel,119.94
X601500,P3009,2026-12-04,Travel,67.37
X601501,P3051,2025-07-08,Training,25.6
X601502,P3085,2026-02-11,Travel,65.21
X601503,P3080,2025-08-06,Client Event,58.31
X601504,P3111,2026-10-04,Training,26.37
X601505,P3031,2025-12-17,Accommodation,57.98
X601506,P3001,2026-09-14,Accommodation,46.14
X601507,P3042,2025-05-21,Software,86.23
X601508,P3068,2026-10-25,Software,72.69
X601509,P3056,2026-01-13,Software,26.92
X601510,P3037,2026-11-06,Travel,190.48
X601511,P3023,2025-03-01,Training,49.73
X601512,P3001,2026-08-03,Client Event,12.7
X601513,P3070,2025-04-12,Accommodation,45.9
X601514,P3120,2026-02-02,Accommodation,39.65
X601515,P3084,2025-08-06,Other,41.4
X601516,P3063,2025-04-01,Accommodation,42.12
X601517,P3016,2025-09-15,Accommodation,78.16
X601518,P3109,2026-11-06,Accommodation,145.27
X601519,P3098,2026-04-04,Travel,32.12
X601520,P3063,2025-09-19,Accommodation,54.95
X601521,P3048,2026-03-15,Accommodation,46.76
X601522,P3024,2026-12-27,Travel,30.97
X601523,P3038,2026-12-17,Accommodation,39.78
X601524,P3068,2025-10-27,Accommodation,357.07
X601525,P3023,2025-11-30,Other,34.0
X601526,P3089,2026-08-19,Client Event,161.99
X601527,P3013,2026-03-10,Travel,12.74
X601528,P3034,2026-06-26,Client Event,33.16
X601529,P3094,2026-06-06,Other,151.69
X601530,P3009,2025-06-07,Travel,74.22
X601531,P3116,2026-05-06,Software,28.19
X601532,P3104,2025-04-29,Travel,28.43
X601533,P3068,2025-12-02,Travel,87.58
X601534,P3052,2025-03-17,Software,54.07
X601535,P3065,2026-01-25,Other,37.26
X601536,P3010,2026-06-23,Training,166.04
X601537,P3070,2025-10-12,Accommodation,28.47
X601538,P3042,2025-11-04,Travel,32.24
X601539,P3112,2026-11-18,Software,46.41
X601540,P3049,2025-02-04,Accommodation,31.31
X601541,P3085,2026-05-29,Other,32.5
X601542,P3049,2025-10-28,Travel,180.96
X601543,P3035,2025-06-25,Client Event,11.97
X601544,P3092,2026-07-31,Travel,11.5
X601545,P3106,2026-07-17,Travel,44.29
X601546,P3107,2026-01-16,Other,23.93
X601547,P3059,2025-07-19,Accommodation,25.62
X601548,P3101,2026-05-31,Software,58.57
X601549,P3052,2025-07-08,Travel,15.53
X601550,P3087,2026-09-24,Travel,35.86
X601551,P3055,2026-08-18,Other,16.29
X601552,P3116,2026-01-26,Accommodation,45.01
X601553,P3086,2026-05-01,Travel,33.09
X601554,P3019,2026-05-12,Travel,65.64
X601555,P3019,2025-09-12,Client Event,103.7
X601556,P3002,2025-02-15,Accommodation,57.79
X601557,P3077,2025-11-08,Other,29.3
X601558,P3076,2026-02-24,Client Event,186.03
X601559,P3089,2025-02-25,Accommodation,29.91
X601560,P3008,2025-01-25,Other,24.78
X601561,P3083,2026-07-21,Software,68.48
X601562,P3065,2025-10-07,Accommodation,34.02
X601563,P3022,2025-04-18,Accommodation,50.24
X601564,P3089,2025-05-25,Accommodation,144.62
X601565,P3064,2026-10-30,Client Event,90.7
X601566,P3031,2026-05-28,Travel,63.28
X601567,P3033,2025-02-19,Other,80.3
X601568,P3067,2026-07-15,Accommodation,134.85
X601569,P3081,2026-01-08,Training,25.62
X601570,P3119,2025-05-16,Client Event,237.67
X601571,P3050,2026-11-22,Training,69.69
X601572,P3002,2025-09-22,Other,96.54
X601573,P3058,2026-01-23,Travel,59.56
X601574,P3047,2026-03-17,Software,121.65
X601575,P3077,2026-01-06,Software,157.18
X601576,P3050,2026-09-22,Accommodation,240.08
X601577,P3034,2026-10-29,Other,230.67
X601578,P3094,2026-10-12,Travel,46.62
X601579,P3030,2025-04-14,Training,32.67
X601580,P3026,2025-07-30,Software,62.59
X601581,P3036,2025-12-13,Accommodation,81.32
X601582,P3040,2026-06-14,Travel,61.03
X601583,P3101,2026-07-02,Other,133.92
X601584,P3047,2026-05-01,Travel,67.13
X601585,P3092,2025-08-18,Accommodation,57.91
X601586,P3097,2025-08-30,Accommodation,33.26
X601587,P3078,2025-09-10,Travel,39.58
X601588,P3047,2026-03-20,Travel,38.48
X601589,P3106,2025-04-26,Travel,37.5
X601590,P3120,2026-11-11,Software,170.52
X601591,P3109,2026-03-11,Travel,217.95
X601592,P3091,2025-04-05,Travel,35.57
X601593,P3033,2026-01-13,Other,33.42
X601594,P3116,2026-10-14,Software,34.82
X601595,P3096,2025-02-06,Travel,171.15
X601596,P3037,2025-06-14,Software,19.12
X601597,P3110,2026-07-03,Accommodation,31.09
X601598,P3116,2025-02-03,Travel,131.12
X601599,P3112,2025-10-06,Accommodation,777.93
X601600,P3025,2025-11-09,Training,53.01
X601601,P3084,2026-12-16,Travel,16.18
X601602,P3083,2025-07-13,Travel,84.6
X601603,P3067,2026-03-11,Other,127.48
X601604,P3075,2025-04-01,Training,83.0
X601605,P3086,2025-11-03,Other,12.14
X601606,P3046,2025-03-30,Training,87.64
X601607,P3093,2025-09-28,Accommodation,42.9
X601608,P3080,2026-05-13,Other,36.22
X601609,P3004,2026-04-13,Training,32.11
X601610,P3041,2025-04-21,Travel,36.66
X601611,P3101,2026-03-20,Travel,42.29
X601612,P3054,2026-03-28,Travel,39.06
X601613,P3002,2025-07-23,Other,35.48
X601614,P3038,2025-06-11,Other,109.32
X601615,P3072,2026-11-10,Software,104.83
X601616,P3069,2026-09-20,Software,32.05
X601617,P3063,2026-01-01,Travel,100.42
X601618,P3054,2026-01-11,Software,52.6
X601619,P3047,2026-09-06,Software,54.39
X601620,P3114,2026-02-13,Travel,167.46
X601621,P3024,2026-05-27,Travel,132.01
X601622,P3085,2025-06-16,Travel,44.78
X601623,P3022,2025-03-14,Training,83.19
X601624,P3027,2026-01-16,Software,72.95
X601625,P3060,2025-05-20,Travel,33.1
X601626,P3103,2026-08-20,Training,94.19
X601627,P3026,2026-05-24,Other,108.26
X601628,P3038,2025-07-10,Software,27.75
X601629,P3065,2025-08-11,Travel,123.58
X601630,P3114,2025-11-15,Accommodation,346.44
X601631,P3094,2026-05-28,Travel,66.08
X601632,P3053,2026-09-25,Other,21.55
X601633,P3022,2025-07-22,Other,42.02
X601634,P3050,2026-05-01,Client Event,41.77
X601635,P3056,2025-07-24,Client Event,23.78
X601636,P3022,2025-10-12,Other,45.16
X601637,P3074,2025-04-27,Travel,29.25
X601638,P3025,2026-05-21,Travel,45.89
X601639,P3112,2025-06-17,Travel,123.18
X601640,P3066,2025-05-28,Travel,142.67
X601641,P3079,2026-05-13,Travel,151.26
X601642,P3075,2025-11-26,Other,13.86
X601643,P3072,2025-07-22,Software,40.32
X601644,P3026,2026-12-07,Accommodation,43.07
X601645,P3079,2026-11-04,Other,68.11
X601646,P3089,2025-08-07,Travel,87.2
X601647,P3023,2026-04-05,Software,59.95
X601648,P3067,2025-03-31,Travel,189.4
X601649,P3033,2025-11-29,Other,47.65
X601650,P3074,2025-01-10,Software,73.81
X601651,P3033,2026-02-27,Software,24.2
X601652,P3103,2025-12-11,Software,101.04
X601653,P3007,2025-05-25,Accommodation,86.75
X601654,P3011,2026-09-25,Accommodation,298.86
X601655,P3033,2025-05-10,Client Event,125.24
X601656,P3035,2025-05-04,Other,125.59
X601657,P3104,2026-08-01,Software,115.01
X601658,P3095,2025-04-17,Training,31.34
X601659,P3092,2026-11-01,Training,124.17
X601660,P3091,2025-04-16,Travel,17.02
X601661,P3024,2025-03-02,Other,19.01
X601662,P3016,2025-03-21,Training,27.18
X601663,P3072,2026-11-25,Training,56.46
X601664,P3099,2025-09-27,Other,15.2
X601665,P3009,2025-04-15,Travel,38.35
X601666,P3002,2026-10-05,Software,41.64
X601667,P3007,2025-04-30,Software,291.95
X601668,P3045,2026-02-22,Travel,86.12
X601669,P3001,2026-06-11,Other,47.04
X601670,P3113,2025-05-31,Travel,6.91
X601671,P3072,2026-03-27,Accommodation,50.48
X601672,P3109,2025-08-17,Travel,260.28
X601673,P3019,2026-02-24,Travel,58.81
X601674,P3065,2026-04-27,Travel,39.47
X601675,P3105,2025-07-23,Software,82.0
X601676,P3107,2026-03-08,Client Event,79.63
X601677,P3073,2026-04-11,Travel,31.71
X601678,P3077,2026-12-06,Software,23.1
X601679,P3063,2026-07-03,Training,448.27
X601680,P3040,2025-06-21,Accommodation,116.39
X601681,P3088,2025-10-21,Travel,28.27
X601682,P3029,2025-11-08,Accommodation,120.07
X601683,P3049,2025-03-09,Training,122.46
X601684,P3114,2025-01-26,Software,36.36
X601685,P3098,2025-10-02,Software,55.43
X601686,P3090,2025-01-09,Software,48.63
X601687,P3078,2025-05-22,Travel,87.41
X601688,P3056,2026-06-26,Travel,15.74
X601689,P3008,2026-01-16,Software,94.57
X601690,P3095,2026-09-30,Travel,79.97
X601691,P3049,2025-06-28,Accommodation,122.49
X601692,P3021,2026-03-22,Accommodation,309.25
X601693,P3070,2025-09-11,Travel,48.86
X601694,P3072,2026-03-08,Training,72.36
X601695,P3050,2025-02-23,Client Event,59.29
X601696,P3024,2026-06-18,Client Event,70.68
X601697,P3052,2025-10-04,Accommodation,125.83
X601698,P3116,2026-01-18,Software,21.18
X601699,P3044,2026-11-30,Training,11.98
X601700,P3061,2026-01-08,Travel,29.46
X601701,P3099,2025-11-27,Accommodation,164.04
X601702,P3070,2025-01-16,Other,61.54
X601703,P3110,2025-02-09,Software,192.64
X601704,P3021,2026-07-01,Travel,73.95
X601705,P3004,2026-09-19,Accommodation,55.99
X601706,P3050,2026-03-31,Software,50.77
X601707,P3012,2026-08-04,Other,28.79
X601708,P3021,2026-05-21,Software,71.49
X601709,P3042,2025-04-18,Other,341.39
X601710,P3091,2025-01-22,Other,95.63
X601711,P3044,2026-07-16,Software,36.14
X601712,P3032,2025-07-28,Travel,20.91
X601713,P3117,2025-10-02,Client Event,219.01
X601714,P3083,2025-01-04,Travel,640.54
X601715,P3107,2026-06-20,Software,123.4
X601716,P3084,2026-06-20,Accommodation,62.86
X601717,P3101,2025-12-31,Travel,246.87
X601718,P3052,2025-03-04,Accommodation,173.78
X601719,P3113,2025-11-08,Travel,99.47
X601720,P3046,2025-08-15,Travel,79.54
X601721,P3110,2025-04-17,Training,161.94
X601722,P3117,2025-12-08,Accommodation,19.09
X601723,P3119,2026-02-20,Travel,12.53
X601724,P3079,2025-12-14,Travel,76.45
X601725,P3040,2025-01-22,Client Event,101.94
X601726,P3097,2025-04-30,Travel,30.84
X601727,P3016,2026-04-12,Training,37.73
X601728,P3014,2025-04-08,Travel,103.23
X601729,P3111,2026-12-04,Travel,101.34
X601730,P3099,2025-01-04,Accommodation,65.95
X601731,P3084,2025-01-04,Accommodation,153.4
X601732,P3107,2026-04-18,Client Event,59.08
X601733,P3026,2026-04-03,Training,114.13
X601734,P3112,2025-10-29,Travel,21.63
X601735,P3105,2026-05-10,Accommodation,34.7
X601736,P3003,2025-11-27,Travel,47.02
X601737,P3017,2026-01-24,Client Event,46.16
X601738,P3018,2025-02-03,Travel,38.89
X601739,P3112,2025-02-05,Travel,72.24
X601740,P3061,2025-01-11,Travel,16.52
X601741,P3055,2025-10-21,Travel,57.69
X601742,P3051,2025-10-09,Travel,64.65
X601743,P3093,2025-07-03,Accommodation,69.01
X601744,P3090,2026-01-12,Training,68.01
X601745,P3003,2025-06-14,Travel,62.15
X601746,P3082,2026-12-06,Travel,37.19
X601747,P3055,2025-10-06,Client Event,109.44
X601748,P3096,2025-09-05,Software,98.43
X601749,P3041,2025-02-05,Accommodation,91.48
X601750,P3087,2025-02-19,Software,33.2
X601751,P3046,2026-08-13,Travel,250.96
X601752,P3088,2026-05-13,Software,14.04
X601753,P3101,2025-11-26,Travel,30.85
X601754,P3112,2026-05-26,Travel,44.65
X601755,P3022,2025-02-28,Accommodation,312.2
X601756,P3107,2026-04-11,Accommodation,123.39
X601757,P3046,2025-08-08,Travel,54.98
X601758,P3019,2025-04-12,Client Event,228.2
X601759,P3008,2026-04-08,Accommodation,17.07
X601760,P3107,2025-05-28,Training,44.41
X601761,P3089,2025-02-01,Travel,88.02
X601762,P3120,2025-05-30,Other,77.56
X601763,P3062,2025-03-25,Training,20.72
X601764,P3099,2026-03-09,Other,41.93
X601765,P3045,2026-01-18,Client Event,280.33
X601766,P3075,2026-12-13,Training,38.92
X601767,P3092,2025-08-14,Client Event,143.58
X601768,P3040,2026-11-28,Training,67.14
X601769,P3093,2026-12-16,Other,169.14
X601770,P3041,2025-03-23,Client Event,63.04
X601771,P3031,2025-08-09,Other,8.5
X601772,P3082,2026-04-22,Accommodation,110.87
X601773,P3003,2026-07-28,Other,32.66
X601774,P3008,2025-11-06,Other,39.49
X601775,P3007,2026-12-17,Training,24.32
X601776,P3008,2025-07-13,Travel,20.08
X601777,P3030,2025-12-27,Travel,28.63
X601778,P3066,2025-02-01,Travel,66.8
X601779,P3084,2025-02-27,Travel,75.9
X601780,P3095,2025-10-22,Client Event,164.8
X601781,P3026,2025-09-25,Software,111.56
X601782,P3097,2025-04-29,Other,76.84
X601783,P3090,2026-06-22,Software,165.22
X601784,P3060,2025-03-30,Accommodation,40.94
X601785,P3104,2026-03-24,Client Event,77.02
X601786,P3119,2025-08-02,Training,173.4
X601787,P3087,2025-12-15,Training,59.3
X601788,P3093,2026-05-09,Other,30.11
X601789,P3074,2025-08-21,Other,70.94
X601790,P3008,2026-11-25,Software,11.61
X601791,P3041,2026-04-01,Travel,189.25
X601792,P3007,2026-08-01,Accommodation,353.61
X601793,P3091,2026-06-10,Accommodation,106.98
X601794,P3111,2025-07-03,Travel,53.08
X601795,P3071,2025-07-14,Software,39.07
X601796,P3077,2026-05-12,Accommodation,47.52
X601797,P3052,2026-12-09,Client Event,34.27
X601798,P3098,2026-07-17,Training,230.69
X601799,P3076,2026-03-06,Travel,5.69
X601800,P3015,2026-03-26,Accommodation,55.3
X601801,P3106,2026-03-08,Travel,85.51
X601802,P3037,2026-09-12,Client Event,45.33
X601803,P3056,2026-05-31,Software,37.04
X601804,P3063,2025-12-16,Travel,77.11
X601805,P3051,2026-01-30,Other,40.67
X601806,P3045,2025-04-24,Accommodation,138.1
X601807,P3014,2026-02-15,Software,42.55
X601808,P3119,2026-03-17,Accommodation,48.86
X601809,P3103,2026-12-28,Travel,50.83
X601810,P3006,2025-07-27,Accommodation,145.89
X601811,P3046,2026-08-22,Other,32.51
X601812,P3018,2025-10-02,Accommodation,36.49
X601813,P3118,2026-09-20,Software,194.44
X601814,P3004,2026-11-14,Travel,376.09
X601815,P3013,2025-06-28,Software,34.62
X601816,P3005,2026-10-28,Travel,120.75
X601817,P3039,2026-07-01,Training,15.24
X601818,P3059,2025-11-30,Client Event,348.19
X601819,P3110,2025-05-19,Software,119.41
X601820,P3052,2025-04-07,Travel,79.08
X601821,P3068,2026-04-30,Travel,28.29
X601822,P3038,2026-04-21,Travel,86.19
X601823,P3053,2026-02-23,Other,44.55
X601824,P3033,2025-07-04,Other,55.73
X601825,P3074,2025-08-15,Travel,40.42
X601826,P3005,2026-08-21,Client Event,80.38
X601827,P3036,2026-10-20,Training,107.5
X601828,P3110,2025-09-26,Travel,53.37
X601829,P3040,2026-06-17,Software,152.46
X601830,P3094,2025-06-02,Other,9.99
X601831,P3079,2025-03-31,Accommodation,159.53
X601832,P3005,2025-05-02,Client Event,19.24
X601833,P3011,2025-06-01,Training,171.3
X601834,P3099,2026-04-06,Travel,54.69
X601835,P3084,2026-08-20,Other,57.92
X601836,P3039,2026-12-24,Accommodation,160.98
X601837,P3004,2026-10-31,Software,20.7
X601838,P3044,2026-01-28,Travel,105.92
X601839,P3046,2026-12-23,Training,251.95
X601840,P3057,2026-09-28,Client Event,170.3
X601841,P3090,2026-09-22,Other,44.73
X601842,P3045,2025-12-24,Travel,101.09
X601843,P3101,2025-02-24,Travel,167.62
X601844,P3059,2025-09-08,Travel,39.55
X601845,P3079,2026-07-29,Travel,75.25
X601846,P3058,2025-04-11,Training,91.95
X601847,P3004,2025-12-30,Software,99.95
X601848,P3042,2025-10-18,Travel,27.78
X601849,P3080,2025-06-17,Training,36.41
X601850,P3068,2026-05-25,Travel,63.69
X601851,P3013,2026-12-06,Accommodation,322.6
X601852,P3029,2025-06-06,Training,229.31
X601853,P3043,2026-11-02,Travel,62.66
X601854,P3100,2025-10-05,Client Event,69.89
X601855,P3061,2026-01-27,Travel,14.71
X601856,P3058,2025-05-05,Travel,93.95
X601857,P3099,2025-03-19,Software,28.95
X601858,P3082,2026-11-18,Travel,87.88
X601859,P3044,2026-05-24,Software,183.21
X601860,P3120,2025-12-23,Client Event,74.04
X601861,P3097,2026-11-29,Software,24.26
X601862,P3058,2025-04-22,Training,255.52
X601863,P3020,2025-01-24,Other,118.71
X601864,P3015,2025-05-06,Client Event,258.81
X601865,P3035,2025-03-18,Other,55.41
X601866,P3114,2025-01-10,Other,103.66
X601867,P3017,2025-03-01,Travel,65.6
X601868,P3099,2025-04-04,Other,101.22
X601869,P3067,2026-02-14,Training,27.01
X601870,P3082,2026-07-06,Software,41.22
X601871,P3031,2025-05-28,Travel,59.52
X601872,P3079,2025-06-05,Travel,34.9
X601873,P3011,2025-07-08,Client Event,53.96
X601874,P3030,2026-04-11,Client Event,105.13
X601875,P3109,2026-04-05,Travel,108.13
X601876,P3032,2025-05-30,Client Event,24.27
X601877,P3118,2026-04-18,Training,25.36
X601878,P3019,2026-09-18,Accommodation,235.44
X601879,P3038,2025-02-28,Client Event,55.27
X601880,P3117,2025-12-27,Client Event,42.19
X601881,P3113,2026-11-12,Training,253.01
X601882,P3026,2026-11-29,Client Event,90.98
X601883,P3045,2026-09-10,Training,49.21
X601884,P3054,2025-02-19,Other,127.66
X601885,P3042,2026-09-20,Accommodation,66.07
X601886,P3022,2026-04-30,Accommodation,105.11
X601887,P3024,2026-09-14,Training,41.41
X601888,P3016,2026-08-03,Travel,52.89
X601889,P3031,2026-08-08,Travel,106.54
X601890,P3108,2026-03-24,Other,59.63
X601891,P3010,2025-03-17,Accommodation,73.06
X601892,P3080,2025-05-01,Accommodation,41.63
X601893,P3017,2025-05-15,Training,254.12
X601894,P3012,2026-05-18,Travel,52.19
X601895,P3055,2026-11-17,Accommodation,21.97
X601896,P3003,2026-03-18,Accommodation,321.7
X601897,P3046,2026-03-26,Other,153.7
X601898,P3001,2026-09-12,Training,50.07
X601899,P3011,2026-01-17,Software,44.52
X601900,P3050,2025-10-22,Accommodation,157.67
X601901,P3097,2025-09-12,Travel,109.3
X601902,P3061,2026-09-15,Training,190.24
X601903,P3072,2026-07-27,Travel,25.63
X601904,P3099,2025-10-16,Training,50.11
X601905,P3099,2026-06-12,Travel,51.19
X601906,P3073,2025-08-20,Software,75.17
X601907,P3118,2025-06-19,Other,47.61
X601908,P3065,2026-04-23,Software,60.25
X601909,P3110,2026-06-29,Software,43.58
X601910,P3029,2025-08-07,Travel,114.94
X601911,P3097,2026-09-09,Travel,60.83
X601912,P3028,2025-06-09,Other,71.19
X601913,P3039,2026-12-13,Travel,103.63
X601914,P3083,2025-04-18,Client Event,35.42
X601915,P3072,2026-06-28,Travel,85.67
X601916,P3092,2025-12-13,Software,94.38
X601917,P3028,2025-12-26,Travel,38.34
X601918,P3019,2026-05-08,Travel,33.79
X601919,P3022,2025-05-27,Travel,68.42
X601920,P3090,2026-01-31,Training,80.28
X601921,P3040,2025-01-24,Client Event,74.29
X601922,P3029,2025-01-21,Travel,31.25
X601923,P3051,2026-09-30,Other,39.45
X601924,P3038,2025-06-24,Travel,11.81
X601925,P3059,2026-09-10,Other,20.61
X601926,P3036,2026-05-18,Other,216.58
X601927,P3099,2025-10-23,Other,35.92
X601928,P3081,2026-03-25,Travel,85.41
X601929,P3118,2026-09-07,Accommodation,143.24
X601930,P3091,2026-12-05,Software,13.47
X601931,P3034,2025-02-17,Travel,51.95
X601932,P3068,2025-07-12,Software,25.93
X601933,P3062,2025-11-22,Client Event,20.3
X601934,P3007,2025-01-19,Other,42.0
X601935,P3007,2025-04-30,Travel,11.03
X601936,P3022,2025-06-20,Training,69.78
X601937,P3089,2026-04-29,Travel,19.95
X601938,P3031,2025-09-20,Client Event,129.14
X601939,P3049,2025-04-29,Accommodation,8.72
X601940,P3100,2026-09-13,Training,78.24
X601941,P3113,2025-04-02,Software,6.72
X601942,P3048,2026-03-04,Training,158.46
X601943,P3007,2025-05-16,Client Event,108.46
X601944,P3006,2026-01-16,Travel,32.72
X601945,P3074,2026-03-20,Other,24.61
X601946,P3004,2025-06-05,Travel,81.7
X601947,P3019,2025-11-27,Accommodation,21.66
X601948,P3015,2026-11-08,Software,49.27
X601949,P3059,2026-01-25,Client Event,66.34
X601950,P3097,2026-03-25,Travel,156.88
X601951,P3039,2026-07-28,Accommodation,31.67
X601952,P3076,2026-06-04,Software,43.86
X601953,P3046,2026-07-14,Accommodation,29.18
X601954,P3047,2025-04-26,Accommodation,62.85
X601955,P3059,2025-07-21,Accommodation,144.8
X601956,P3022,2026-07-25,Travel,285.37
X601957,P3058,2026-09-11,Travel,345.64
X601958,P3112,2025-06-14,Training,37.85
X601959,P3040,2026-03-11,Travel,44.57
X601960,P3037,2026-07-21,Travel,19.38
X601961,P3074,2025-01-27,Travel,26.88
X601962,P3064,2026-04-16,Other,39.41
X601963,P3047,2025-01-20,Travel,46.67
X601964,P3042,2025-08-28,Other,53.49
X601965,P3046,2025-06-02,Software,324.67
X601966,P3074,2025-07-25,Travel,12.07
X601967,P3070,2025-08-04,Travel,83.74
X601968,P3086,2025-12-27,Travel,180.48
X601969,P3090,2026-09-01,Software,32.98
X601970,P3029,2026-06-06,Other,81.74
X601971,P3072,2026-02-02,Accommodation,58.74
X601972,P3058,2025-03-10,Accommodation,86.46
X601973,P3018,2026-04-12,Accommodation,31.96
X601974,P3084,2026-03-14,Accommodation,175.2
X601975,P3109,2026-02-11,Software,102.95
X601976,P3039,2025-12-20,Training,94.59
X601977,P3017,2025-03-17,Accommodation,64.69
X601978,P3047,2025-08-10,Accommodation,137.37
X601979,P3004,2026-03-25,Travel,175.15
X601980,P3058,2025-07-02,Software,42.97
X601981,P3052,2026-07-13,Training,41.35
X601982,P3039,2025-10-15,Travel,22.84
X601983,P3108,2026-09-19,Other,32.0
X601984,P3105,2026-01-05,Accommodation,79.6
X601985,P3092,2025-12-28,Travel,69.03
X601986,P3058,2026-07-31,Other,47.41
X601987,P3075,2025-06-10,Software,13.03
X601988,P3117,2026-11-21,Software,31.86
X601989,P3048,2025-10-18,Travel,81.28
X601990,P3039,2026-04-11,Software,61.7
X601991,P3016,2025-02-27,Accommodation,21.94
X601992,P3052,2025-03-08,Travel,45.03
X601993,P3034,2026-12-23,Travel,23.31
X601994,P3019,2026-01-13,Travel,142.01
X601995,P3098,2026-08-02,Travel,114.93
X601996,P3023,2025-09-24,Accommodation,205.82
X601997,P3047,2026-05-31,Accommodation,67.53
X601998,P3055,2025-10-09,Other,63.58
X601999,P3063,2026-04-02,Training,72.62
X602000,P3025,2026-03-17,Travel,77.16
X602001,P3089,2025-12-25,Software,259.67
X602002,P3077,2025-12-29,Accommodation,94.09
X602003,P3006,2026-08-27,Software,203.83
X602004,P3058,2026-03-23,Software,16.62
X602005,P3009,2026-05-11,Other,18.34
X602006,P3084,2025-08-29,Training,222.83
X602007,P3003,2025-09-03,Travel,81.84
X602008,P3050,2026-07-19,Training,118.43
X602009,P3080,2025-07-19,Training,184.36
X602010,P3088,2026-03-29,Travel,333.26
X602011,P3036,2026-08-01,Travel,96.78
X602012,P3024,2026-03-20,Client Event,31.74
X602013,P3102,2026-03-02,Travel,60.04
X602014,P3018,2026-12-25,Client Event,60.89
X602015,P3103,2025-06-07,Software,133.73
X602016,P3112,2026-11-18,Travel,34.36
X602017,P3067,2026-09-11,Other,78.03
X602018,P3096,2026-03-19,Training,61.26
X602019,P3092,2026-01-28,Travel,36.12
X602020,P3052,2026-02-07,Client Event,12.62
X602021,P3042,2026-02-06,Other,107.17
X602022,P3042,2025-01-12,Software,177.65
X602023,P3001,2026-02-23,Travel,61.86
X602024,P3050,2025-04-02,Software,13.84
X602025,P3004,2026-10-03,Travel,129.99
X602026,P3117,2026-08-04,Software,21.18
X602027,P3047,2026-10-17,Accommodation,110.13
X602028,P3010,2026-06-27,Other,54.78
X602029,P3083,2026-02-19,Travel,291.04
X602030,P3042,2026-08-04,Travel,136.61
X602031,P3085,2025-11-12,Software,71.05
X602032,P3111,2026-11-01,Travel,91.17
X602033,P3095,2026-07-14,Other,42.02
X602034,P3062,2025-02-18,Accommodation,16.63
X602035,P3049,2026-06-27,Travel,12.85
X602036,P3103,2025-03-06,Accommodation,55.16
X602037,P3047,2025-12-07,Travel,15.63
X602038,P3066,2026-05-21,Training,76.74
X602039,P3055,2025-02-24,Client Event,51.93
X602040,P3042,2026-02-23,Travel,17.24
X602041,P3037,2025-08-14,Client Event,32.99
X602042,P3088,2026-05-15,Software,137.81
X602043,P3055,2026-06-10,Software,140.18
X602044,P3074,2026-11-14,Other,105.88
X602045,P3048,2025-07-21,Training,34.71
X602046,P3037,2026-09-09,Travel,35.74
X602047,P3088,2026-05-16,Software,53.4
X602048,P3118,2025-04-03,Accommodation,16.51
X602049,P3061,2025-07-29,Accommodation,20.34
X602050,P3117,2025-01-08,Training,97.82
X602051,P3011,2026-09-15,Other,223.34
X602052,P3054,2026-03-31,Accommodation,42.19
X602053,P3026,2026-12-29,Other,33.14
X602054,P3080,2025-11-21,Accommodation,132.32
X602055,P3117,2025-12-09,Client Event,89.74
X602056,P3038,2025-05-09,Travel,68.5
X602057,P3090,2025-05-01,Client Event,200.29
X602058,P3028,2026-03-23,Other,57.68
X602059,P3061,2026-12-20,Travel,48.78
X602060,P3034,2026-06-10,Software,181.72
X602061,P3014,2025-06-09,Travel,52.85
X602062,P3084,2026-04-08,Client Event,9.37
X602063,P3029,2025-09-21,Other,40.82
X602064,P3052,2025-10-07,Accommodation,77.01
X602065,P3018,2025-08-11,Accommodation,111.62
X602066,P3010,2025-02-18,Travel,239.95
X602067,P3006,2026-11-12,Travel,132.4
X602068,P3029,2025-11-03,Travel,74.78
X602069,P3008,2026-11-10,Accommodation,113.54
X602070,P3104,2026-03-17,Travel,28.64
X602071,P3028,2025-02-25,Accommodation,59.66
X602072,P3007,2026-12-28,Travel,66.7
X602073,P3119,2025-02-20,Travel,65.38
X602074,P3002,2025-03-23,Training,143.52
X602075,P3079,2026-05-22,Other,56.73
X602076,P3112,2026-05-30,Other,25.59
X602077,P3101,2026-05-14,Training,18.17
X602078,P3098,2026-12-25,Other,14.45
X602079,P3078,2026-01-07,Travel,69.01
X602080,P3044,2026-01-28,Travel,62.81
X602081,P3039,2026-05-18,Software,41.72
X602082,P3118,2025-04-05,Accommodation,106.45
X602083,P3112,2025-01-22,Travel,11.43
X602084,P3054,2026-12-13,Software,70.74
X602085,P3112,2025-12-15,Travel,45.59
X602086,P3111,2026-10-10,Travel,117.56
X602087,P3001,2025-09-29,Travel,83.91
X602088,P3120,2026-03-28,Software,51.18
X602089,P3044,2026-01-14,Client Event,306.71
X602090,P3075,2025-10-08,Travel,35.85
X602091,P3120,2025-04-28,Client Event,18.92
X602092,P3084,2026-12-10,Accommodation,41.37
X602093,P3117,2026-02-04,Travel,212.75
X602094,P3048,2025-01-21,Travel,15.79
X602095,P3034,2026-02-28,Other,64.42
X602096,P3117,2026-12-20,Other,71.22
X602097,P3076,2025-06-10,Accommodation,46.28
X602098,P3029,2026-03-19,Training,50.14
X602099,P3079,2026-08-08,Travel,158.43
X602100,P3096,2025-05-26,Client Event,46.15
X602101,P3062,2025-05-02,Training,43.66
X602102,P3095,2026-03-31,Training,78.8
X602103,P3040,2025-10-24,Software,33.39
X602104,P3076,2026-08-09,Software,17.62
X602105,P3110,2026-08-26,Accommodation,59.63
X602106,P3071,2026-06-17,Travel,183.87
X602107,P3004,2026-10-22,Software,64.72
X602108,P3061,2025-08-03,Software,65.55
X602109,P3112,2025-03-06,Other,65.4
X602110,P3050,2026-10-29,Client Event,19.7
X602111,P3095,2026-08-09,Other,142.27
X602112,P3035,2026-11-01,Accommodation,125.17
X602113,P3027,2026-10-09,Travel,59.76
X602114,P3021,2025-04-06,Accommodation,29.49
X602115,P3087,2025-01-13,Accommodation,59.78
X602116,P3080,2025-11-14,Travel,46.77
X602117,P3019,2026-11-12,Other,43.33
X602118,P3091,2026-04-06,Client Event,9.5
X602119,P3091,2025-01-13,Client Event,74.28
X602120,P3116,2026-10-30,Travel,95.58
X602121,P3084,2025-02-20,Training,70.47
X602122,P3026,2025-03-02,Travel,86.92
X602123,P3060,2026-02-21,Training,73.16
X602124,P3110,2026-09-08,Client Event,42.19
X602125,P3055,2026-05-08,Accommodation,94.46
X602126,P3113,2025-10-01,Accommodation,52.4
X602127,P3104,2025-05-01,Other,17.05
X602128,P3014,2026-11-08,Software,53.71
X602129,P3089,2026-01-29,Travel,16.88
X602130,P3051,2025-11-23,Client Event,151.73
X602131,P3013,2026-06-15,Travel,89.0
X602132,P3108,2026-09-12,Accommodation,59.31
X602133,P3016,2026-12-09,Training,161.18
X602134,P3065,2026-02-09,Training,39.64
X602135,P3066,2026-01-04,Other,26.95
X602136,P3019,2025-11-09,Travel,9.82
X602137,P3046,2026-03-19,Other,57.7
X602138,P3031,2026-08-23,Training,246.84
X602139,P3047,2026-10-17,Client Event,24.39
X602140,P3028,2026-09-02,Client Event,78.97
X602141,P3078,2026-03-01,Travel,23.39
X602142,P3029,2025-04-20,Other,81.54
X602143,P3030,2025-10-07,Travel,178.37
X602144,P3050,2025-04-23,Travel,139.32
X602145,P3040,2025-06-13,Travel,36.98
X602146,P3075,2025-07-20,Other,32.52
X602147,P3028,2025-03-27,Accommodation,105.91
X602148,P3030,2025-12-04,Other,151.21
X602149,P3070,2025-07-16,Accommodation,97.56
X602150,P3097,2025-07-19,Travel,57.76
X602151,P3018,2026-10-30,Travel,48.27
X602152,P3016,2026-02-18,Other,106.38
X602153,P3104,2025-05-23,Accommodation,124.15
X602154,P3041,2025-03-30,Accommodation,77.95
X602155,P3002,2026-01-31,Travel,78.06
X602156,P3054,2025-08-27,Other,35.59
X602157,P3053,2026-11-13,Other,26.7
X602158,P3001,2026-05-21,Travel,270.38
X602159,P3084,2026-06-11,Accommodation,110.59
X602160,P3101,2025-04-25,Travel,55.68
X602161,P3089,2025-02-14,Accommodation,20.4
X602162,P3108,2026-11-22,Accommodation,54.92
X602163,P3117,2026-12-27,Other,32.37
X602164,P3055,2026-09-26,Other,66.71
X602165,P3045,2025-02-16,Software,53.44
X602166,P3103,2025-08-21,Software,10.48
X602167,P3053,2025-06-27,Other,58.26
X602168,P3041,2026-06-06,Travel,85.45
X602169,P3094,2026-04-15,Accommodation,33.01
X602170,P3062,2026-12-06,Travel,19.77
X602171,P3104,2025-02-14,Other,95.57
X602172,P3105,2026-10-24,Other,71.97
X602173,P3111,2026-06-16,Software,48.93
X602174,P3019,2025-09-23,Accommodation,56.82
X602175,P3083,2026-07-01,Other,37.22
X602176,P3024,2026-03-11,Other,57.89
X602177,P3046,2026-03-28,Travel,87.5
X602178,P3091,2026-05-01,Accommodation,33.4
X602179,P3086,2026-11-19,Travel,19.49
X602180,P3072,2025-09-20,Other,47.18
X602181,P3012,2026-07-29,Travel,45.78
X602182,P3053,2026-04-12,Other,46.87
X602183,P3110,2025-12-15,Other,37.31
X602184,P3089,2025-01-08,Other,76.11
X602185,P3047,2026-08-30,Travel,85.86
X602186,P3091,2026-02-04,Other,44.92
X602187,P3082,2026-06-09,Travel,32.02
X602188,P3119,2026-04-10,Software,41.0
X602189,P3113,2026-03-01,Other,186.63
X602190,P3048,2025-12-06,Other,33.45
X602191,P3057,2026-01-21,Client Event,99.36
X602192,P3058,2026-03-05,Client Event,52.58
X602193,P3037,2025-05-20,Software,97.5
X602194,P3101,2026-09-22,Accommodation,65.81
X602195,P3055,2026-01-01,Software,46.16
X602196,P3054,2025-01-29,Accommodation,555.15
X602197,P3017,2026-03-29,Accommodation,76.56
X602198,P3080,2025-07-03,Client Event,62.1
X602199,P3093,2025-12-17,Training,82.05
X602200,P3115,2025-05-10,Accommodation,91.56
