Invoice_ID,Project_ID,Invoice_Date,Billing_Rate,Billed_Hours,Billed_Amount,Discount,Invoice_Status
I500001,P3043,2025-11-01,106.3,292,31039.6,0.0,Paid
I500002,P3040,2025-03-21,104.86,263,26750.83,0.03,Paid
I500003,P3112,2026-09-05,84.9,76,6452.4,0.0,Paid
I500004,P3074,2025-09-22,144.14,286,39987.32,0.03,Paid
I500005,P3095,2026-06-01,161.8,496,72227.52,0.1,Disputed
I500006,P3096,2025-07-11,75.22,457,30937.99,0.1,Paid
I500007,P3082,2026-08-13,141.34,190,26854.6,0.0,Paid
I500008,P3061,2026-09-16,150.15,207,31081.05,0.0,Disputed
I500009,P3103,2025-09-19,131.96,122,15294.16,0.05,Paid
I500010,P3059,2026-08-28,101.87,293,28952.47,0.03,Paid
I500011,P3034,2025-03-11,93.77,174,13868.58,0.15,Paid
I500012,P3016,2025-08-08,75.48,131,9887.88,0.0,Paid
I500013,P3013,2025-11-11,89.95,80,6980.12,0.03,Paid
I500014,P3054,2025-08-30,177.27,498,88280.46,0.0,Paid
I500015,P3112,2025-04-17,134.89,180,23551.79,0.03,Paid
I500016,P3120,2025-04-08,87.82,42,3319.6,0.1,Disputed
I500017,P3099,2025-06-03,143.5,232,32293.24,0.03,Paid
I500018,P3095,2025-09-13,149.02,144,20385.94,0.05,Paid
I500019,P3051,2025-01-22,113.06,420,46060.64,0.03,Paid
I500020,P3045,2025-03-05,129.2,313,40439.6,0.0,Paid
I500021,P3024,2026-04-08,111.91,173,16456.37,0.15,Pending
I500022,P3053,2026-09-17,98.62,165,15784.13,0.03,Paid
I500023,P3092,2026-06-10,112.27,275,29948.02,0.03,Pending
I500024,P3120,2026-08-06,165.68,288,47715.84,0.0,Paid
I500025,P3109,2025-02-23,129.94,245,31835.3,0.0,Paid
I500026,P3074,2026-09-09,108.09,80,8647.2,0.0,Pending
I500027,P3028,2025-11-19,135.38,270,36552.6,0.0,Pending
I500028,P3057,2026-03-14,95.74,216,19645.85,0.05,Paid
I500029,P3038,2026-12-19,103.24,450,44135.1,0.05,Disputed
I500030,P3066,2025-08-03,94.54,431,40746.74,0.0,Paid
I500031,P3019,2025-02-05,167.49,454,76040.46,0.0,Paid
I500032,P3057,2025-02-22,152.51,234,34616.72,0.03,Paid
I500033,P3049,2025-10-01,158.23,62,9319.75,0.05,Paid
I500034,P3091,2025-05-10,94.78,64,6065.92,0.0,Paid
I500035,P3100,2025-05-25,81.12,284,23038.08,0.0,Paid
I500036,P3064,2025-11-23,176.09,69,12150.21,0.0,Overdue
I500037,P3043,2026-08-21,120.99,153,18511.47,0.0,Paid
I500038,P3004,2025-02-09,77.08,128,8879.62,0.1,Paid
I500039,P3064,2026-09-21,178.98,458,79513.65,0.03,Paid
I500040,P3094,2025-11-15,146.41,161,23572.01,0.0,Pending
I500041,P3043,2026-04-15,80.98,361,26310.4,0.1,Pending
I500042,P3072,2025-12-31,147.14,368,46025.39,0.15,Paid
I500043,P3093,2025-07-28,99.7,385,38384.5,0.0,Paid
I500044,P3047,2025-03-05,138.85,47,6199.65,0.05,Paid
I500045,P3070,2026-10-23,162.9,315,46182.15,0.1,Paid
I500046,P3040,2026-02-07,142.07,106,15059.42,0.0,Paid
I500047,P3076,2026-11-02,83.28,224,18654.72,0.0,Paid
I500048,P3035,2025-03-11,98.01,376,35009.17,0.05,Paid
I500049,P3103,2025-05-13,161.79,367,59376.93,0.0,Paid
I500050,P3111,2026-05-24,129.49,269,33787.83,0.03,Overdue
I500051,P3044,2025-07-04,78.31,221,17306.51,0.0,Pending
I500052,P3064,2026-11-18,158.6,273,41998.87,0.03,Overdue
I500053,P3106,2025-05-24,74.08,430,30898.77,0.03,Pending
I500054,P3080,2026-01-07,134.4,297,39916.8,0.0,Paid
I500055,P3030,2026-06-24,154.89,122,17006.92,0.1,Overdue
I500056,P3081,2026-02-02,140.86,282,39722.52,0.0,Overdue
I500057,P3015,2025-07-20,177.93,368,58930.42,0.1,Overdue
I500058,P3086,2025-07-11,132.03,190,25085.7,0.0,Paid
I500059,P3045,2025-12-13,124.86,184,22974.24,0.0,Paid
I500060,P3105,2026-03-25,100.57,487,48977.59,0.0,Paid
I500061,P3056,2026-06-14,133.45,319,42570.55,0.0,Overdue
I500062,P3016,2026-06-09,178.56,378,57371.33,0.15,Pending
I500063,P3104,2026-10-26,119.03,223,26543.69,0.0,Overdue
I500064,P3046,2025-02-28,112.31,431,48405.61,0.0,Paid
I500065,P3035,2026-02-06,144.23,152,21922.96,0.0,Pending
I500066,P3002,2025-10-12,101.47,23,2333.81,0.0,Overdue
I500067,P3104,2026-05-28,75.66,221,16219.23,0.03,Paid
I500068,P3015,2026-05-11,149.86,213,30962.57,0.03,Overdue
I500069,P3075,2025-11-21,172.75,392,64332.1,0.05,Paid
I500070,P3013,2025-12-27,118.59,288,34153.92,0.0,Paid
I500071,P3013,2026-11-20,113.14,224,25343.36,0.0,Paid
I500072,P3018,2025-07-16,83.15,22,1774.42,0.03,Paid
I500073,P3019,2026-01-28,87.52,372,27673.82,0.15,Pending
I500074,P3059,2026-04-29,152.64,455,59033.52,0.15,Paid
I500075,P3029,2026-08-13,178.56,307,54817.92,0.0,Pending
I500076,P3052,2026-12-18,83.91,88,7014.88,0.05,Disputed
I500077,P3064,2025-06-08,177.56,444,78836.64,0.0,Disputed
I500078,P3097,2026-07-05,155.26,42,6520.92,0.0,Paid
I500079,P3062,2025-02-27,166.0,92,12981.2,0.15,Paid
I500080,P3040,2025-02-26,162.73,20,3091.87,0.05,Paid
I500081,P3053,2026-04-15,140.62,193,23068.71,0.15,Pending
I500082,P3034,2025-01-21,152.53,180,27455.4,0.0,Paid
I500083,P3044,2025-06-05,178.37,141,25150.17,0.0,Paid
I500084,P3027,2025-04-15,123.04,362,44540.48,0.0,Paid
I500085,P3077,2025-02-25,158.5,175,26905.38,0.03,Paid
I500086,P3116,2026-01-03,128.85,372,47932.2,0.0,Paid
I500087,P3038,2026-03-15,140.66,497,66412.62,0.05,Paid
I500088,P3102,2025-10-23,152.55,261,39815.55,0.0,Paid
I500089,P3073,2025-08-22,91.63,324,29688.12,0.0,Paid
I500090,P3108,2025-03-01,142.93,186,25787.43,0.03,Pending
I500091,P3009,2025-05-28,73.62,73,4836.83,0.1,Paid
I500092,P3085,2025-01-16,105.09,151,15075.16,0.05,Pending
I500093,P3102,2025-07-13,88.68,304,24262.85,0.1,Pending
I500094,P3038,2026-10-05,131.79,167,19808.04,0.1,Pending
I500095,P3039,2026-08-25,124.66,364,45376.24,0.0,Pending
I500096,P3077,2026-11-10,77.94,66,4886.84,0.05,Pending
I500097,P3110,2025-02-23,72.47,384,27828.48,0.0,Paid
I500098,P3003,2026-04-28,80.73,21,1525.8,0.1,Paid
I500099,P3012,2026-08-15,128.76,285,31192.11,0.15,Overdue
I500100,P3069,2026-11-05,72.74,215,15639.1,0.0,Paid
I500101,P3120,2025-09-13,110.68,387,36408.19,0.15,Pending
I500102,P3008,2026-12-10,146.27,316,46221.32,0.0,Overdue
I500103,P3004,2025-11-27,79.74,258,20572.92,0.0,Paid
I500104,P3028,2026-11-07,96.61,401,34866.55,0.1,Paid
I500105,P3114,2025-03-31,138.96,65,9032.4,0.0,Paid
I500106,P3097,2026-08-12,159.99,110,17598.9,0.0,Paid
I500107,P3086,2026-08-15,134.41,265,35618.65,0.0,Paid
I500108,P3062,2025-11-11,127.29,336,36354.02,0.15,Paid
I500109,P3075,2026-01-27,83.73,73,6112.29,0.0,Paid
I500110,P3084,2026-06-21,137.56,435,50862.81,0.15,Disputed
I500111,P3096,2025-05-11,92.04,241,22181.64,0.0,Pending
I500112,P3035,2025-07-07,93.98,296,27818.08,0.0,Pending
I500113,P3079,2025-11-27,168.35,60,8585.85,0.15,Pending
I500114,P3060,2025-09-14,95.85,450,43132.5,0.0,Paid
I500115,P3101,2025-03-14,115.48,179,20670.92,0.0,Disputed
I500116,P3060,2025-01-30,111.27,142,13430.29,0.15,Paid
I500117,P3010,2025-05-31,113.07,235,26571.45,0.0,Paid
I500118,P3002,2025-11-28,167.49,237,33740.86,0.15,Paid
I500119,P3007,2025-06-29,177.1,387,61683.93,0.1,Paid
I500120,P3033,2026-03-02,102.07,158,13708.0,0.15,Paid
I500121,P3103,2025-11-09,161.02,451,61727.02,0.15,Pending
I500122,P3104,2025-07-26,78.11,313,23714.98,0.03,Paid
I500123,P3055,2025-07-25,171.63,346,56414.78,0.05,Disputed
I500124,P3040,2026-08-16,166.76,148,24680.48,0.0,Overdue
I500125,P3058,2026-07-12,105.12,312,29517.7,0.1,Paid
I500126,P3021,2026-11-16,178.26,320,57043.2,0.0,Paid
I500127,P3021,2025-03-17,166.04,378,62763.12,0.0,Pending
I500128,P3065,2026-03-05,130.51,434,56641.34,0.0,Paid
I500129,P3056,2026-01-22,128.69,36,3937.91,0.15,Paid
I500130,P3044,2025-07-20,81.29,206,16745.74,0.0,Paid
I500131,P3068,2025-02-27,73.01,190,13455.74,0.03,Paid
I500132,P3076,2025-03-20,153.37,465,71317.05,0.0,Overdue
I500133,P3065,2026-10-06,101.78,343,33863.22,0.03,Paid
I500134,P3031,2026-04-03,172.66,452,78042.32,0.0,Paid
I500135,P3068,2025-06-04,175.17,200,29778.9,0.15,Paid
I500136,P3048,2026-05-04,168.41,158,26608.78,0.0,Paid
I500137,P3015,2026-02-26,78.62,300,22406.7,0.05,Paid
I500138,P3013,2025-02-27,178.33,201,35844.33,0.0,Paid
I500139,P3093,2026-03-22,93.12,191,17785.92,0.0,Disputed
I500140,P3087,2025-10-17,164.51,249,34818.54,0.15,Disputed
I500141,P3035,2026-09-23,175.12,489,83064.67,0.03,Paid
I500142,P3120,2025-07-20,139.13,73,10156.49,0.0,Overdue
I500143,P3108,2026-02-18,101.33,81,8207.73,0.0,Overdue
I500144,P3025,2025-08-15,161.41,158,24227.64,0.05,Paid
I500145,P3023,2026-11-13,121.8,67,7344.54,0.1,Paid
I500146,P3052,2025-02-28,91.3,290,22505.45,0.15,Paid
I500147,P3027,2026-10-07,97.77,442,43214.34,0.0,Paid
I500148,P3049,2025-09-03,91.46,135,11112.39,0.1,Paid
I500149,P3109,2025-06-02,163.84,109,16965.63,0.05,Paid
I500150,P3002,2025-09-26,152.18,156,23740.08,0.0,Paid
I500151,P3084,2026-10-25,110.79,77,7251.21,0.15,Overdue
I500152,P3065,2026-04-08,89.96,28,2518.88,0.0,Paid
I500153,P3025,2025-02-26,118.12,416,47663.78,0.03,Paid
I500154,P3110,2025-02-18,102.84,460,40210.44,0.15,Pending
I500155,P3070,2026-12-09,92.27,406,31842.38,0.15,Paid
I500156,P3104,2025-05-15,170.85,235,34127.29,0.15,Paid
I500157,P3081,2025-11-02,83.13,438,30949.3,0.15,Paid
I500158,P3098,2025-06-30,152.3,161,24520.3,0.0,Paid
I500159,P3091,2026-08-14,154.84,424,55804.34,0.15,Paid
I500160,P3041,2026-03-06,148.03,171,25313.13,0.0,Overdue
I500161,P3093,2025-07-22,139.32,182,21552.8,0.15,Paid
I500162,P3014,2026-04-26,140.82,30,3590.91,0.15,Overdue
I500163,P3063,2026-07-15,140.56,42,5313.17,0.1,Paid
I500164,P3115,2026-07-08,168.97,479,80936.63,0.0,Paid
I500165,P3091,2025-02-03,103.16,473,47330.84,0.03,Paid
I500166,P3071,2025-03-16,161.79,423,58171.59,0.15,Pending
I500167,P3038,2025-04-09,87.29,209,17331.43,0.05,Paid
I500168,P3080,2025-08-14,77.63,121,9393.23,0.0,Paid
I500169,P3111,2026-05-01,117.32,102,11966.64,0.0,Paid
I500170,P3038,2026-08-20,88.04,197,14742.3,0.15,Paid
I500171,P3082,2026-02-28,101.88,430,39427.56,0.1,Paid
I500172,P3006,2026-02-07,142.55,49,6984.95,0.0,Pending
I500173,P3011,2026-02-19,178.63,175,29697.24,0.05,Paid
I500174,P3094,2026-01-11,125.3,397,44769.69,0.1,Overdue
I500175,P3024,2025-12-21,168.98,181,27526.84,0.1,Paid
I500176,P3019,2025-03-15,116.18,186,21609.48,0.0,Paid
I500177,P3097,2025-09-10,113.8,193,21963.4,0.0,Pending
I500178,P3091,2026-06-15,167.41,35,5273.42,0.1,Paid
I500179,P3003,2025-06-16,103.92,177,15634.76,0.15,Paid
I500180,P3118,2025-11-16,118.59,44,5217.96,0.0,Pending
I500181,P3120,2025-02-08,74.03,73,5404.19,0.0,Overdue
I500182,P3060,2026-03-19,173.94,165,28700.1,0.0,Paid
I500183,P3079,2026-01-29,111.11,175,16527.61,0.15,Paid
I500184,P3037,2026-02-22,129.25,92,11891.0,0.0,Disputed
I500185,P3088,2025-07-30,135.3,294,38584.85,0.03,Paid
I500186,P3041,2025-01-24,129.43,159,19961.99,0.03,Pending
I500187,P3022,2026-08-10,115.42,270,31163.4,0.0,Paid
I500188,P3045,2025-02-22,88.88,100,7999.2,0.1,Disputed
I500189,P3023,2026-07-22,142.01,28,3976.28,0.0,Paid
I500190,P3065,2025-03-11,174.36,117,20400.12,0.0,Paid
I500191,P3063,2025-11-05,129.95,334,36892.8,0.15,Overdue
I500192,P3081,2026-12-01,70.48,253,17831.44,0.0,Pending
I500193,P3037,2026-09-27,105.38,273,24453.43,0.15,Paid
I500194,P3038,2026-03-12,93.46,394,36823.24,0.0,Pending
I500195,P3112,2025-04-07,103.35,385,38596.06,0.03,Pending
I500196,P3099,2025-08-24,124.68,286,35658.48,0.0,Paid
I500197,P3072,2025-05-14,176.76,58,9226.87,0.1,Pending
I500198,P3087,2026-09-11,144.12,258,31605.52,0.15,Paid
I500199,P3113,2026-08-24,113.45,379,36547.92,0.15,Paid
I500200,P3063,2026-07-03,164.82,382,56665.12,0.1,Paid
I500201,P3103,2026-06-22,160.39,45,6134.92,0.15,Paid
I500202,P3043,2025-05-19,86.09,88,6439.53,0.15,Paid
I500203,P3045,2025-01-15,117.7,231,24469.83,0.1,Pending
I500204,P3117,2026-04-13,88.52,316,27972.32,0.0,Pending
I500205,P3055,2025-03-11,72.5,152,10469.0,0.05,Pending
I500206,P3039,2026-07-23,99.61,85,8466.85,0.0,Paid
I500207,P3016,2026-12-07,134.24,53,6047.51,0.15,Pending
I500208,P3116,2026-09-30,149.13,466,59070.39,0.15,Pending
I500209,P3010,2026-07-13,138.13,49,6565.32,0.03,Pending
I500210,P3077,2026-01-17,145.56,478,69577.68,0.0,Paid
I500211,P3086,2026-08-24,89.53,468,40643.04,0.03,Pending
I500212,P3005,2026-09-02,77.7,138,10400.92,0.03,Paid
I500213,P3020,2026-05-15,178.77,171,29041.19,0.05,Paid
I500214,P3074,2026-11-24,79.96,49,3722.14,0.05,Overdue
I500215,P3022,2025-12-02,79.36,21,1666.56,0.0,Paid
I500216,P3030,2025-05-18,80.94,122,9578.44,0.03,Paid
I500217,P3058,2025-08-05,162.63,274,44560.62,0.0,Overdue
I500218,P3098,2025-10-27,170.65,374,60631.94,0.05,Paid
I500219,P3076,2026-11-09,84.13,269,22630.97,0.0,Paid
I500220,P3024,2026-06-19,148.33,280,41532.4,0.0,Paid
I500221,P3050,2025-05-05,98.13,214,20999.82,0.0,Pending
I500222,P3119,2025-11-16,85.1,193,14781.87,0.1,Paid
I500223,P3084,2025-06-07,162.19,378,61307.82,0.0,Paid
I500224,P3091,2026-11-27,107.12,492,52703.04,0.0,Paid
I500225,P3065,2025-07-13,173.89,497,86423.33,0.0,Disputed
I500226,P3104,2026-08-05,146.45,399,58433.55,0.0,Paid
I500227,P3059,2025-12-30,96.96,132,11518.85,0.1,Paid
I500228,P3094,2025-12-24,156.31,283,44235.73,0.0,Pending
I500229,P3074,2025-04-20,169.55,209,33664.15,0.05,Paid
I500230,P3114,2026-03-20,154.33,167,23195.8,0.1,Paid
I500231,P3097,2026-09-30,83.69,339,28370.91,0.0,Pending
I500232,P3072,2026-02-16,102.07,246,21342.84,0.15,Paid
I500233,P3119,2026-10-16,78.72,330,25198.27,0.03,Paid
I500234,P3092,2025-04-26,122.03,252,29213.98,0.05,Paid
I500235,P3024,2025-01-23,72.76,430,29722.46,0.05,Paid
I500236,P3034,2025-02-06,176.47,213,36460.47,0.03,Disputed
I500237,P3073,2025-11-02,113.75,106,11454.62,0.05,Paid
I500238,P3098,2026-03-31,158.44,355,56246.2,0.0,Paid
I500239,P3095,2025-11-08,150.3,477,64523.79,0.1,Pending
I500240,P3090,2025-10-10,77.44,44,3407.36,0.0,Pending
I500241,P3098,2026-01-28,137.67,366,45348.5,0.1,Pending
I500242,P3113,2025-11-21,119.22,138,14807.12,0.1,Paid
I500243,P3088,2025-06-30,101.96,237,23439.58,0.03,Paid
I500244,P3045,2026-11-15,91.37,474,43309.38,0.0,Overdue
I500245,P3047,2025-05-06,129.47,231,26916.81,0.1,Paid
I500246,P3044,2025-10-11,162.14,120,18873.1,0.03,Paid
I500247,P3043,2026-02-12,102.71,164,16339.11,0.03,Disputed
I500248,P3038,2026-07-08,169.6,132,22387.2,0.0,Paid
I500249,P3095,2025-05-30,87.33,161,11951.11,0.15,Overdue
I500250,P3003,2025-11-08,79.69,300,23907.0,0.0,Paid
I500251,P3018,2026-07-14,154.65,421,63154.42,0.03,Paid
I500252,P3092,2026-04-10,177.03,102,18057.06,0.0,Paid
I500253,P3047,2026-02-28,170.73,155,26463.15,0.0,Paid
I500254,P3014,2025-01-26,141.53,484,68500.52,0.0,Paid
I500255,P3096,2026-05-13,76.21,109,8306.89,0.0,Paid
I500256,P3080,2026-07-08,177.9,187,33267.3,0.0,Paid
I500257,P3118,2025-01-21,135.89,338,39041.2,0.15,Paid
I500258,P3119,2025-08-11,172.83,53,8701.99,0.05,Pending
I500259,P3049,2025-01-18,97.27,268,26068.36,0.0,Overdue
I500260,P3057,2025-12-10,129.13,345,44549.85,0.0,Overdue
I500261,P3120,2026-12-23,71.85,70,4526.55,0.1,Paid
I500262,P3051,2026-03-23,73.15,43,2988.18,0.05,Paid
I500263,P3030,2025-07-22,81.81,444,32691.28,0.1,Paid
I500264,P3083,2025-02-03,81.58,152,12400.16,0.0,Paid
I500265,P3093,2026-04-23,148.13,460,68139.8,0.0,Paid
I500266,P3058,2026-07-11,124.8,456,56908.8,0.0,Paid
I500267,P3004,2025-03-13,97.74,459,43516.78,0.03,Paid
I500268,P3001,2026-06-24,96.43,70,5737.58,0.15,Paid
I500269,P3057,2025-11-02,136.21,214,28274.47,0.03,Paid
I500270,P3079,2025-05-30,88.48,89,6693.51,0.15,Pending
I500271,P3055,2026-12-24,121.75,22,2678.5,0.0,Paid
I500272,P3043,2026-10-03,125.56,315,35596.26,0.1,Disputed
I500273,P3022,2025-06-03,124.64,449,55963.36,0.0,Paid
I500274,P3091,2026-07-01,176.92,143,24034.58,0.05,Pending
I500275,P3020,2025-10-09,94.08,459,43182.72,0.0,Disputed
I500276,P3061,2025-12-23,155.62,438,68161.56,0.0,Paid
I500277,P3057,2026-03-07,169.32,451,64908.82,0.15,Paid
I500278,P3049,2025-05-06,140.29,95,13327.55,0.0,Paid
I500279,P3114,2025-09-10,154.3,426,65731.8,0.0,Pending
I500280,P3113,2026-06-03,134.33,380,51045.4,0.0,Paid
I500281,P3078,2025-10-09,130.84,91,10120.47,0.15,Paid
I500282,P3062,2025-10-14,142.92,78,10032.98,0.1,Paid
I500283,P3053,2025-06-02,102.3,409,35564.59,0.15,Overdue
I500284,P3003,2025-06-29,113.72,422,40791.36,0.15,Paid
I500285,P3045,2026-12-22,103.22,47,4608.77,0.05,Paid
I500286,P3084,2025-11-27,136.9,100,13690.0,0.0,Pending
I500287,P3038,2025-07-20,171.25,473,72901.12,0.1,Paid
I500288,P3102,2025-05-13,74.78,419,29766.18,0.05,Paid
I500289,P3058,2026-05-16,78.48,176,13398.11,0.03,Paid
I500290,P3041,2025-04-11,101.43,64,5842.37,0.1,Paid
I500291,P3081,2025-10-26,87.83,45,3952.35,0.0,Disputed
I500292,P3097,2026-11-21,93.05,50,3954.62,0.15,Paid
I500293,P3054,2025-01-22,151.89,102,14718.14,0.05,Paid
I500294,P3020,2026-11-27,112.48,51,5736.48,0.0,Paid
I500295,P3068,2025-05-18,79.21,29,2067.38,0.1,Paid
I500296,P3073,2026-10-27,74.42,101,7516.42,0.0,Pending
I500297,P3075,2025-07-22,102.25,467,47750.75,0.0,Pending
I500298,P3065,2025-12-02,161.58,195,31508.1,0.0,Paid
I500299,P3033,2025-05-21,80.59,489,33497.23,0.15,Paid
I500300,P3086,2025-07-14,124.4,484,58403.31,0.03,Paid
I500301,P3037,2025-11-01,130.39,72,7979.87,0.15,Overdue
I500302,P3015,2025-12-26,88.17,139,11030.07,0.1,Paid
I500303,P3111,2025-10-27,153.28,66,10116.48,0.0,Pending
I500304,P3014,2026-08-10,166.56,189,31479.84,0.0,Paid
I500305,P3081,2025-02-15,126.24,43,4885.49,0.1,Paid
I500306,P3075,2025-12-15,86.93,185,16082.05,0.0,Overdue
I500307,P3102,2026-04-12,70.11,127,8013.57,0.1,Paid
I500308,P3093,2025-05-22,73.85,345,21656.51,0.15,Pending
I500309,P3111,2026-04-15,145.78,260,37902.8,0.0,Paid
I500310,P3025,2025-10-23,72.57,93,6074.11,0.1,Overdue
I500311,P3023,2025-05-22,75.67,288,21792.96,0.0,Paid
I500312,P3037,2025-08-04,160.78,371,59649.38,0.0,Paid
I500313,P3023,2026-05-27,104.46,74,7498.14,0.03,Paid
I500314,P3076,2026-06-11,93.15,270,22635.45,0.1,Disputed
I500315,P3080,2025-02-03,139.52,202,28183.04,0.0,Pending
I500316,P3049,2025-02-10,88.18,427,32004.93,0.15,Paid
I500317,P3096,2025-10-29,164.35,191,26682.22,0.15,Pending
I500318,P3060,2025-02-06,104.85,43,4508.55,0.0,Overdue
I500319,P3002,2026-01-14,158.91,95,15096.45,0.0,Paid
I500320,P3028,2025-04-24,128.29,219,25285.96,0.1,Pending
I500321,P3084,2025-05-15,125.69,389,48893.41,0.0,Paid
I500322,P3119,2025-11-27,117.26,160,18761.6,0.0,Paid
I500323,P3002,2026-08-24,134.77,438,56077.8,0.05,Paid
I500324,P3079,2025-07-16,149.3,442,59391.54,0.1,Pending
I500325,P3109,2025-12-30,77.34,107,7447.84,0.1,Pending
I500326,P3050,2025-11-25,80.02,158,12643.16,0.0,Paid
I500327,P3114,2026-10-20,111.97,170,19034.9,0.0,Paid
I500328,P3047,2025-08-30,151.34,55,7075.14,0.15,Paid
I500329,P3032,2026-10-07,92.86,262,21896.39,0.1,Pending
I500330,P3117,2026-09-16,169.09,383,64761.47,0.0,Paid
I500331,P3006,2026-09-19,102.5,289,29622.5,0.0,Overdue
I500332,P3037,2025-07-24,113.18,164,17633.44,0.05,Paid
I500333,P3080,2025-05-31,89.09,368,27867.35,0.15,Paid
I500334,P3044,2026-08-05,151.31,223,33742.13,0.0,Overdue
I500335,P3071,2026-11-06,148.41,250,37102.5,0.0,Paid
I500336,P3091,2026-08-17,162.99,228,35303.63,0.05,Paid
I500337,P3056,2025-01-22,104.21,75,7581.28,0.03,Paid
I500338,P3077,2026-12-05,178.77,97,16473.66,0.05,Paid
I500339,P3027,2025-03-23,171.5,494,80484.95,0.05,Paid
I500340,P3013,2025-05-21,84.14,420,34278.64,0.03,Pending
I500341,P3012,2025-01-21,143.19,433,62001.27,0.0,Paid
I500342,P3099,2026-11-13,148.58,131,16544.38,0.15,Paid
I500343,P3074,2026-08-09,167.43,407,61329.61,0.1,Overdue
I500344,P3043,2025-08-04,75.65,231,15727.64,0.1,Paid
I500345,P3050,2025-08-30,75.09,363,27257.67,0.0,Pending
I500346,P3010,2025-08-05,149.7,69,8779.9,0.15,Pending
I500347,P3115,2025-03-17,172.19,162,27894.78,0.0,Overdue
I500348,P3049,2025-08-30,71.66,124,8885.84,0.0,Overdue
I500349,P3104,2026-02-19,140.46,191,26827.86,0.0,Paid
I500350,P3049,2026-10-21,81.32,385,31308.2,0.0,Paid
I500351,P3068,2026-07-26,127.67,341,39181.92,0.1,Paid
I500352,P3095,2026-04-19,78.06,414,27469.31,0.15,Paid
I500353,P3117,2026-10-11,86.76,426,31415.8,0.15,Pending
I500354,P3029,2026-11-19,87.87,413,36290.31,0.0,Pending
I500355,P3059,2026-03-11,141.87,61,8654.07,0.0,Paid
I500356,P3016,2025-09-15,85.82,439,37674.98,0.0,Pending
I500357,P3119,2025-03-17,76.58,100,7658.0,0.0,Overdue
I500358,P3110,2025-05-31,81.94,275,22533.5,0.0,Paid
I500359,P3114,2026-01-20,126.21,406,51241.26,0.0,Paid
I500360,P3108,2025-03-27,172.58,236,40728.88,0.0,Paid
I500361,P3103,2026-05-01,174.4,90,15696.0,0.0,Paid
I500362,P3060,2025-09-05,157.37,374,55913.56,0.05,Disputed
I500363,P3120,2025-03-14,141.68,316,38055.25,0.15,Paid
I500364,P3043,2025-04-02,170.28,426,72539.28,0.0,Overdue
I500365,P3073,2026-03-11,168.63,163,23363.69,0.15,Paid
I500366,P3070,2025-12-23,144.97,33,4640.49,0.03,Paid
I500367,P3033,2026-10-14,120.38,497,59828.86,0.0,Overdue
I500368,P3093,2025-09-30,169.47,30,4829.9,0.05,Paid
I500369,P3019,2026-04-26,172.73,361,59237.75,0.05,Paid
I500370,P3007,2025-12-15,133.37,370,47866.49,0.03,Paid
I500371,P3075,2026-08-02,159.49,274,43700.26,0.0,Pending
I500372,P3023,2026-02-25,178.43,41,6949.85,0.05,Paid
I500373,P3058,2026-07-11,137.13,137,15968.79,0.15,Paid
I500374,P3095,2026-02-23,142.02,107,13676.53,0.1,Overdue
I500375,P3014,2026-08-16,164.45,227,35463.64,0.05,Paid
I500376,P3031,2025-05-12,153.15,195,29864.25,0.0,Overdue
I500377,P3042,2026-08-25,163.67,170,27823.9,0.0,Pending
I500378,P3062,2026-04-27,156.62,401,56524.16,0.1,Paid
I500379,P3043,2025-01-20,156.35,431,57278.82,0.15,Paid
I500380,P3002,2025-12-15,165.12,163,26914.56,0.0,Overdue
I500381,P3026,2025-04-30,174.95,227,39713.65,0.0,Disputed
I500382,P3053,2026-06-05,135.81,245,33273.45,0.0,Paid
I500383,P3033,2026-09-30,87.77,150,11190.68,0.15,Paid
I500384,P3009,2025-08-31,163.59,259,36014.34,0.15,Paid
I500385,P3036,2025-10-07,167.06,465,69914.61,0.1,Paid
I500386,P3081,2025-06-24,111.8,170,19006.0,0.0,Overdue
I500387,P3047,2026-09-01,77.6,457,34399.3,0.03,Paid
I500388,P3017,2025-08-06,104.58,183,19138.14,0.0,Pending
I500389,P3043,2026-12-23,90.98,164,14920.72,0.0,Pending
I500390,P3061,2026-02-05,90.97,132,10807.24,0.1,Overdue
I500391,P3078,2025-09-19,112.29,307,33438.84,0.03,Paid
I500392,P3095,2026-06-05,112.65,149,14267.12,0.15,Overdue
I500393,P3012,2026-09-26,92.23,492,43108.3,0.05,Paid
I500394,P3067,2025-11-08,101.76,193,19639.68,0.0,Paid
I500395,P3097,2025-11-27,165.91,346,57404.86,0.0,Paid
I500396,P3096,2025-12-23,177.29,222,39358.38,0.0,Paid
I500397,P3114,2026-04-22,131.79,120,15814.8,0.0,Paid
I500398,P3033,2026-05-11,163.76,262,36469.35,0.15,Paid
I500399,P3102,2025-08-21,113.05,453,43529.9,0.15,Paid
I500400,P3023,2026-03-13,97.81,283,27680.23,0.0,Pending
I500401,P3097,2025-10-20,94.97,335,30224.2,0.05,Pending
I500402,P3081,2026-03-17,155.77,424,66046.48,0.0,Paid
I500403,P3106,2026-06-24,102.03,72,7125.78,0.03,Paid
I500404,P3050,2026-09-02,127.22,367,45289.05,0.03,Paid
I500405,P3077,2025-01-16,99.03,393,38918.79,0.0,Overdue
I500406,P3096,2026-10-16,129.45,445,48964.46,0.15,Paid
I500407,P3081,2026-02-28,75.85,20,1517.0,0.0,Paid
I500408,P3016,2026-12-21,141.65,351,49719.15,0.0,Disputed
I500409,P3039,2026-04-06,130.41,183,22671.78,0.05,Paid
I500410,P3039,2025-10-27,78.82,387,28978.17,0.05,Paid
I500411,P3029,2026-06-30,72.85,263,18201.57,0.05,Paid
I500412,P3065,2025-05-31,102.94,32,3195.26,0.03,Disputed
I500413,P3034,2025-08-26,103.22,493,48343.09,0.05,Pending
I500414,P3094,2025-02-15,100.48,231,23210.88,0.0,Paid
I500415,P3029,2025-03-20,167.19,122,20397.18,0.0,Paid
I500416,P3011,2025-11-18,151.57,148,19067.51,0.15,Paid
I500417,P3005,2026-05-28,119.02,370,41835.53,0.05,Paid
I500418,P3115,2026-08-31,94.06,465,39364.11,0.1,Disputed
I500419,P3015,2026-06-06,123.22,135,14971.23,0.1,Paid
I500420,P3011,2025-06-05,144.13,390,53400.16,0.05,Paid
I500421,P3072,2025-10-19,115.89,353,36818.25,0.1,Paid
I500422,P3044,2025-10-10,172.77,240,41464.8,0.0,Paid
I500423,P3062,2026-03-09,104.89,365,36370.61,0.05,Pending
I500424,P3042,2025-12-29,91.29,29,2647.41,0.0,Paid
I500425,P3019,2026-08-28,144.19,309,37871.5,0.15,Pending
I500426,P3033,2025-10-31,111.73,370,39273.09,0.05,Paid
I500427,P3040,2026-02-22,74.94,394,29526.36,0.0,Pending
I500428,P3042,2025-06-22,102.91,198,17319.75,0.15,Paid
I500429,P3043,2026-03-09,174.0,99,17226.0,0.0,Pending
I500430,P3108,2025-09-26,91.66,373,33163.5,0.03,Paid
I500431,P3073,2025-02-28,136.05,437,59453.85,0.0,Pending
I500432,P3082,2026-07-07,107.35,246,25087.69,0.05,Paid
I500433,P3038,2026-07-17,140.49,206,27493.89,0.05,Overdue
I500434,P3050,2026-09-11,160.75,402,54928.28,0.15,Paid
I500435,P3006,2025-11-30,117.15,32,3373.92,0.1,Paid
I500436,P3051,2025-05-20,120.8,243,26418.96,0.1,Paid
I500437,P3021,2025-05-20,129.38,21,2635.47,0.03,Pending
I500438,P3072,2025-09-07,92.56,468,43318.08,0.0,Paid
I500439,P3012,2025-03-06,170.17,334,51153.1,0.1,Paid
I500440,P3012,2025-12-11,131.4,137,16201.62,0.1,Paid
I500441,P3076,2026-04-20,111.36,171,18090.43,0.05,Paid
I500442,P3105,2025-11-09,132.59,81,9665.81,0.1,Paid
I500443,P3099,2026-02-25,167.29,239,38782.84,0.03,Pending
I500444,P3001,2025-07-27,122.31,279,29005.82,0.15,Pending
I500445,P3112,2026-03-27,93.5,252,23562.0,0.0,Paid
I500446,P3082,2026-03-26,173.34,158,26018.33,0.05,Paid
I500447,P3014,2025-03-24,178.76,61,9813.92,0.1,Overdue
I500448,P3049,2026-07-23,162.71,293,47674.03,0.0,Paid
I500449,P3025,2026-09-03,132.35,401,45111.5,0.15,Paid
I500450,P3088,2026-10-19,124.52,246,30631.92,0.0,Overdue
I500451,P3031,2026-10-30,119.93,484,56304.74,0.03,Paid
I500452,P3090,2025-11-17,99.25,153,13666.72,0.1,Disputed
I500453,P3077,2026-12-18,144.19,493,67531.39,0.05,Paid
I500454,P3015,2025-03-02,165.59,83,11682.37,0.15,Paid
I500455,P3053,2026-06-19,78.62,82,6446.84,0.0,Pending
I500456,P3120,2026-12-14,102.89,367,36627.81,0.03,Paid
I500457,P3023,2026-10-17,123.66,455,47825.5,0.15,Pending
I500458,P3096,2026-11-14,94.8,391,37066.8,0.0,Paid
I500459,P3107,2025-04-17,90.45,422,32444.42,0.15,Pending
I500460,P3003,2025-12-07,159.2,165,26268.0,0.0,Paid
I500461,P3032,2026-03-30,130.73,470,52226.63,0.15,Paid
I500462,P3025,2026-08-31,177.86,423,71473.04,0.05,Paid
I500463,P3019,2026-04-18,72.98,314,22228.25,0.03,Overdue
I500464,P3009,2025-09-15,170.78,100,15370.2,0.1,Pending
I500465,P3059,2025-09-30,158.8,284,40589.28,0.1,Paid
I500466,P3019,2026-04-29,170.57,189,32237.73,0.0,Overdue
I500467,P3115,2026-09-16,75.1,277,20802.7,0.0,Overdue
I500468,P3082,2025-11-03,159.92,115,18390.8,0.0,Pending
I500469,P3073,2026-12-09,103.43,314,32477.02,0.0,Paid
I500470,P3106,2025-02-09,139.34,57,7704.11,0.03,Paid
I500471,P3094,2025-08-31,117.93,150,15036.08,0.15,Overdue
I500472,P3109,2025-03-22,174.1,93,16191.3,0.0,Paid
I500473,P3046,2025-08-22,83.79,170,14244.3,0.0,Pending
I500474,P3082,2026-11-19,112.39,403,43934.37,0.03,Paid
I500475,P3113,2026-06-21,72.98,473,32793.56,0.05,Paid
I500476,P3099,2025-01-19,149.43,399,50679.18,0.15,Paid
I500477,P3074,2026-09-03,164.69,469,77239.61,0.0,Pending
I500478,P3005,2026-02-11,88.28,226,19951.28,0.0,Overdue
I500479,P3042,2025-05-02,136.7,482,59300.46,0.1,Paid
I500480,P3042,2026-11-09,94.02,149,14008.98,0.0,Paid
I500481,P3051,2025-09-15,84.8,207,17553.6,0.0,Paid
I500482,P3096,2026-02-19,136.05,118,15251.2,0.05,Paid
I500483,P3005,2025-04-18,92.55,370,34243.5,0.0,Disputed
I500484,P3009,2026-08-12,116.7,437,50997.9,0.0,Pending
I500485,P3069,2025-11-15,127.82,151,19300.82,0.0,Paid
I500486,P3029,2026-04-07,80.79,133,10745.07,0.0,Paid
I500487,P3004,2026-07-28,134.46,432,58086.72,0.0,Paid
I500488,P3001,2026-09-23,131.54,255,31865.56,0.05,Overdue
I500489,P3108,2025-01-20,151.12,237,34740.98,0.03,Paid
I500490,P3020,2026-07-24,117.8,196,20779.92,0.1,Overdue
I500491,P3051,2025-03-11,126.11,65,7377.44,0.1,Pending
I500492,P3093,2025-07-17,105.5,104,10972.0,0.0,Paid
I500493,P3087,2025-10-16,101.85,381,38804.85,0.0,Paid
I500494,P3037,2025-06-26,83.59,435,36361.65,0.0,Overdue
I500495,P3059,2026-04-22,142.7,45,6421.5,0.0,Paid
I500496,P3003,2025-10-24,75.4,379,28576.6,0.0,Paid
I500497,P3113,2026-10-11,138.07,456,53515.93,0.15,Paid
I500498,P3114,2026-12-18,82.0,313,21816.1,0.15,Paid
I500499,P3094,2026-05-15,71.48,434,26368.97,0.15,Paid
I500500,P3071,2026-07-03,125.82,497,59405.91,0.05,Pending
I500501,P3102,2025-09-13,104.08,58,5131.14,0.15,Paid
I500502,P3058,2026-05-08,101.92,105,10701.6,0.0,Paid
I500503,P3036,2026-12-11,100.82,117,10026.55,0.15,Overdue
I500504,P3119,2025-04-20,122.83,160,17687.52,0.1,Paid
I500505,P3005,2026-07-16,96.07,165,15851.55,0.0,Paid
I500506,P3066,2026-04-30,178.67,361,64499.87,0.0,Paid
I500507,P3072,2025-08-02,151.29,175,26475.75,0.0,Paid
I500508,P3082,2026-01-27,143.43,462,59638.19,0.1,Paid
I500509,P3031,2026-06-12,106.37,217,23082.29,0.0,Paid
I500510,P3040,2026-02-05,172.98,313,52518.46,0.03,Paid
I500511,P3036,2025-03-29,167.45,83,13203.43,0.05,Overdue
I500512,P3095,2026-07-24,110.98,185,17451.6,0.15,Pending
I500513,P3036,2025-04-23,73.47,320,22805.09,0.03,Paid
I500514,P3014,2026-06-15,133.16,306,38709.61,0.05,Paid
I500515,P3033,2026-03-09,108.63,329,35739.27,0.0,Paid
I500516,P3002,2025-11-02,141.23,499,63426.39,0.1,Overdue
I500517,P3090,2026-11-14,148.18,149,21416.46,0.03,Pending
I500518,P3088,2026-10-12,175.41,65,11401.65,0.0,Paid
I500519,P3081,2026-08-14,141.62,476,67411.12,0.0,Overdue
I500520,P3037,2025-01-31,75.01,358,26853.58,0.0,Paid
I500521,P3116,2025-03-26,86.77,438,38005.26,0.0,Paid
I500522,P3015,2025-12-10,134.92,452,59154.32,0.03,Overdue
I500523,P3045,2025-09-05,115.25,182,20346.24,0.03,Paid
I500524,P3064,2025-09-11,128.15,497,54136.97,0.15,Pending
I500525,P3109,2026-02-20,124.43,302,31941.18,0.15,Overdue
I500526,P3021,2025-05-21,137.91,494,68127.54,0.0,Paid
I500527,P3086,2025-09-04,161.76,212,34293.12,0.0,Paid
I500528,P3012,2026-07-29,156.88,303,47534.64,0.0,Paid
I500529,P3091,2025-06-01,165.88,299,42158.4,0.15,Paid
I500530,P3006,2026-07-21,135.46,160,20589.92,0.05,Paid
I500531,P3029,2025-11-30,86.42,302,22184.01,0.15,Disputed
I500532,P3027,2026-09-09,104.4,231,24116.4,0.0,Pending
I500533,P3035,2026-07-25,81.52,430,29795.56,0.15,Pending
I500534,P3051,2025-05-07,89.41,246,21994.86,0.0,Paid
I500535,P3063,2026-03-31,112.01,92,9274.43,0.1,Paid
I500536,P3074,2026-03-31,71.13,447,30205.35,0.05,Pending
I500537,P3057,2026-01-15,90.44,437,39522.28,0.0,Pending
I500538,P3099,2025-07-18,112.89,411,39438.12,0.15,Pending
I500539,P3058,2025-06-04,125.42,342,36459.59,0.15,Disputed
I500540,P3011,2026-09-04,141.18,381,45721.14,0.15,Pending
I500541,P3067,2025-02-02,130.86,320,37687.68,0.1,Paid
I500542,P3115,2026-03-11,176.13,312,46709.68,0.15,Paid
I500543,P3088,2026-09-03,111.1,182,19209.19,0.05,Disputed
I500544,P3059,2025-07-02,159.82,149,20241.2,0.15,Paid
I500545,P3105,2026-12-01,108.53,347,32010.92,0.15,Paid
I500546,P3045,2026-04-21,120.1,209,25100.9,0.0,Paid
I500547,P3112,2025-05-03,121.99,345,42086.55,0.0,Paid
I500548,P3012,2025-06-23,137.59,126,16469.52,0.05,Paid
I500549,P3115,2026-04-28,175.99,145,25518.55,0.0,Paid
I500550,P3035,2026-10-16,86.77,103,8937.31,0.0,Paid
I500551,P3110,2026-10-07,177.27,333,50176.27,0.15,Paid
I500552,P3112,2026-09-30,83.69,201,15139.52,0.1,Paid
I500553,P3053,2026-07-11,92.58,56,4406.81,0.15,Pending
I500554,P3087,2025-03-11,160.21,283,43979.25,0.03,Paid
I500555,P3038,2026-10-31,133.6,355,42685.2,0.1,Paid
I500556,P3010,2025-09-17,144.17,484,69778.28,0.0,Paid
I500557,P3057,2025-05-26,126.2,68,7723.44,0.1,Disputed
I500558,P3108,2026-10-06,148.74,51,7585.74,0.0,Paid
I500559,P3049,2025-10-14,122.88,397,43905.02,0.1,Pending
I500560,P3016,2025-04-14,165.57,22,3096.16,0.15,Overdue
I500561,P3070,2025-06-07,146.69,73,10708.37,0.0,Paid
I500562,P3052,2025-07-04,139.54,495,65618.68,0.05,Paid
I500563,P3004,2026-05-07,179.24,396,68849.67,0.03,Paid
I500564,P3003,2026-12-08,124.12,34,4093.48,0.03,Paid
I500565,P3088,2026-07-11,76.31,92,6809.9,0.03,Paid
I500566,P3007,2026-09-14,80.7,97,7045.11,0.1,Pending
I500567,P3081,2026-02-01,149.24,80,10745.28,0.1,Paid
I500568,P3116,2026-05-10,75.36,274,17551.34,0.15,Paid
I500569,P3002,2025-04-05,150.95,441,66568.95,0.0,Paid
I500570,P3081,2026-10-20,87.84,179,14937.19,0.05,Paid
I500571,P3068,2026-09-14,70.14,437,30651.18,0.0,Paid
I500572,P3055,2026-07-21,84.68,107,8607.72,0.05,Paid
I500573,P3011,2025-03-18,106.3,366,36960.51,0.05,Paid
I500574,P3111,2026-10-19,131.14,238,31211.32,0.0,Paid
I500575,P3094,2025-07-01,154.3,346,45379.63,0.15,Overdue
I500576,P3084,2026-06-20,143.67,75,9697.72,0.1,Paid
I500577,P3086,2026-07-27,91.91,492,38436.76,0.15,Disputed
I500578,P3027,2025-10-03,178.98,179,31076.3,0.03,Paid
I500579,P3113,2026-05-22,127.04,377,47894.08,0.0,Paid
I500580,P3117,2026-01-09,123.49,83,9942.18,0.03,Paid
I500581,P3013,2026-01-14,100.71,76,7271.26,0.05,Pending
I500582,P3086,2026-06-22,87.73,208,16423.06,0.1,Paid
I500583,P3091,2025-12-26,166.25,398,66167.5,0.0,Overdue
I500584,P3092,2025-03-13,71.09,299,19130.32,0.1,Paid
I500585,P3077,2025-08-03,116.96,486,55137.28,0.03,Overdue
I500586,P3070,2025-10-27,129.9,472,58247.16,0.05,Paid
I500587,P3069,2026-06-28,74.47,221,16457.87,0.0,Paid
I500588,P3017,2025-11-06,91.01,379,34492.79,0.0,Paid
I500589,P3067,2026-12-13,76.32,251,19156.32,0.0,Paid
I500590,P3089,2026-10-22,178.58,182,31526.51,0.03,Overdue
I500591,P3053,2025-07-23,147.66,384,56701.44,0.0,Pending
I500592,P3107,2026-11-02,147.7,383,53740.64,0.05,Paid
I500593,P3079,2026-04-28,160.39,150,21652.65,0.1,Paid
I500594,P3001,2026-07-23,159.05,349,55508.45,0.0,Paid
I500595,P3005,2026-08-09,84.29,494,41639.26,0.0,Paid
I500596,P3012,2025-05-23,168.77,287,48436.99,0.0,Paid
I500597,P3100,2026-10-15,85.11,374,30876.21,0.03,Paid
I500598,P3082,2026-07-27,172.92,437,75566.04,0.0,Paid
I500599,P3094,2026-09-09,73.77,133,9320.84,0.05,Pending
I500600,P3091,2026-07-25,143.18,419,53993.18,0.1,Paid
I500601,P3060,2025-09-10,84.04,276,23195.04,0.0,Paid
I500602,P3011,2026-05-09,159.85,103,15970.61,0.03,Paid
I500603,P3113,2025-03-19,115.43,399,46056.57,0.0,Overdue
I500604,P3032,2025-05-12,119.14,143,17037.02,0.0,Pending
I500605,P3094,2026-05-27,116.14,426,49475.64,0.0,Pending
I500606,P3072,2025-03-07,124.5,65,6878.62,0.15,Pending
I500607,P3025,2025-02-22,73.75,210,13164.38,0.15,Paid
I500608,P3078,2026-09-14,154.57,333,43751.04,0.15,Paid
I500609,P3018,2025-10-30,173.86,190,31381.73,0.05,Paid
I500610,P3098,2025-07-03,135.82,111,15076.02,0.0,Overdue
I500611,P3066,2025-07-13,103.38,63,5861.65,0.1,Paid
I500612,P3117,2026-01-19,89.98,208,15908.46,0.15,Paid
I500613,P3108,2026-05-25,110.59,363,38939.84,0.03,Pending
I500614,P3076,2025-03-15,141.27,283,39979.41,0.0,Paid
I500615,P3001,2025-06-07,113.62,482,46550.11,0.15,Paid
I500616,P3058,2026-11-01,158.88,227,36065.76,0.0,Disputed
I500617,P3094,2025-12-29,173.39,298,43919.69,0.15,Paid
I500618,P3030,2026-07-06,96.05,23,2209.15,0.0,Paid
I500619,P3012,2026-10-15,88.5,181,13615.72,0.15,Paid
I500620,P3066,2025-12-23,115.49,355,40998.95,0.0,Disputed
I500621,P3106,2026-10-26,142.06,365,51851.9,0.0,Paid
I500622,P3044,2025-07-15,150.99,266,38958.44,0.03,Pending
I500623,P3081,2026-03-24,95.41,203,17431.41,0.1,Pending
I500624,P3087,2025-02-14,96.53,349,32004.52,0.05,Paid
I500625,P3043,2026-07-15,129.82,85,9931.23,0.1,Paid
I500626,P3091,2025-12-16,109.22,445,43742.61,0.1,Paid
I500627,P3064,2025-08-08,102.91,475,41549.91,0.15,Pending
I500628,P3091,2025-04-11,127.33,448,48487.26,0.15,Paid
I500629,P3064,2025-01-21,161.77,122,19735.94,0.0,Paid
I500630,P3026,2025-02-04,126.51,306,38712.06,0.0,Paid
I500631,P3115,2026-08-17,170.14,476,80986.64,0.0,Paid
I500632,P3119,2025-06-21,83.53,368,27665.14,0.1,Paid
I500633,P3070,2026-02-17,168.79,106,17891.74,0.0,Paid
I500634,P3011,2026-05-20,173.81,480,83428.8,0.0,Paid
I500635,P3026,2025-07-05,169.43,252,42696.36,0.0,Paid
I500636,P3033,2025-12-29,88.76,419,37190.44,0.0,Paid
I500637,P3064,2026-10-10,94.98,439,35441.79,0.15,Pending
I500638,P3070,2025-07-11,138.51,168,23269.68,0.0,Disputed
I500639,P3037,2026-06-06,168.08,74,12437.92,0.0,Paid
I500640,P3052,2025-02-26,71.26,85,6057.1,0.0,Pending
I500641,P3056,2026-08-14,157.96,428,67606.88,0.0,Pending
I500642,P3084,2026-09-22,133.49,229,30569.21,0.0,Paid
I500643,P3116,2025-10-14,108.02,403,37002.25,0.15,Paid
I500644,P3095,2026-07-01,148.27,312,41634.22,0.1,Paid
I500645,P3078,2025-10-08,126.76,363,41412.49,0.1,Overdue
I500646,P3119,2025-10-02,89.14,179,13562.65,0.15,Overdue
I500647,P3115,2026-06-29,77.25,68,5253.0,0.0,Paid
I500648,P3063,2025-05-30,120.95,325,39308.75,0.0,Paid
I500649,P3071,2026-11-16,132.77,412,51966.18,0.05,Paid
I500650,P3108,2026-09-24,110.15,42,4487.51,0.03,Disputed
I500651,P3084,2025-05-20,103.65,361,31805.0,0.15,Pending
I500652,P3014,2025-05-31,108.15,121,13086.15,0.0,Pending
I500653,P3081,2025-09-25,171.29,406,66066.55,0.05,Paid
I500654,P3097,2025-08-29,72.89,466,33966.74,0.0,Pending
I500655,P3095,2025-10-23,113.29,32,3625.28,0.0,Paid
I500656,P3028,2026-05-07,151.74,487,73897.38,0.0,Paid
I500657,P3077,2025-10-10,95.75,130,12447.5,0.0,Paid
I500658,P3084,2025-11-14,111.6,466,50445.43,0.03,Paid
I500659,P3078,2026-05-27,128.31,329,35881.89,0.15,Paid
I500660,P3069,2025-03-25,174.13,356,61990.28,0.0,Paid
I500661,P3102,2026-12-01,132.51,429,56846.79,0.0,Overdue
I500662,P3044,2026-10-23,157.56,191,27084.56,0.1,Paid
I500663,P3061,2026-03-27,97.01,186,18043.86,0.0,Paid
I500664,P3055,2025-06-29,111.8,497,55564.6,0.0,Paid
I500665,P3105,2025-12-20,85.01,39,3149.62,0.05,Paid
I500666,P3002,2026-10-29,134.78,392,52833.76,0.0,Paid
I500667,P3029,2025-07-20,155.68,298,41753.38,0.1,Paid
I500668,P3033,2025-12-28,97.02,221,21441.42,0.0,Paid
I500669,P3113,2026-02-09,105.76,478,50553.28,0.0,Paid
I500670,P3108,2026-05-29,165.81,258,41495.61,0.03,Paid
I500671,P3047,2026-02-20,70.5,112,7896.0,0.0,Paid
I500672,P3062,2025-07-06,135.04,190,24887.87,0.03,Pending
I500673,P3039,2026-04-27,127.02,55,6776.52,0.03,Paid
I500674,P3061,2025-08-09,141.92,138,19584.96,0.0,Pending
I500675,P3111,2026-09-15,119.96,349,40610.06,0.03,Paid
I500676,P3085,2026-08-21,100.76,279,23895.23,0.15,Overdue
I500677,P3029,2025-06-03,121.19,167,20238.73,0.0,Paid
I500678,P3056,2026-01-27,101.93,118,11666.91,0.03,Paid
I500679,P3108,2026-04-03,81.87,345,28245.15,0.0,Paid
I500680,P3049,2025-02-03,90.08,425,34455.6,0.1,Paid
I500681,P3072,2026-08-08,115.21,205,23618.05,0.0,Paid
I500682,P3078,2026-10-17,123.78,493,59192.83,0.03,Paid
I500683,P3075,2025-11-19,145.66,443,64527.38,0.0,Paid
I500684,P3095,2026-09-20,141.38,80,11310.4,0.0,Paid
I500685,P3002,2025-08-31,118.49,82,8744.56,0.1,Pending
I500686,P3047,2025-11-20,148.3,306,44018.41,0.03,Paid
I500687,P3027,2025-03-14,165.35,62,10251.7,0.0,Paid
I500688,P3006,2026-04-28,114.07,188,20801.81,0.03,Pending
I500689,P3023,2026-06-18,110.73,84,9301.32,0.0,Paid
I500690,P3107,2026-03-19,179.81,154,27690.74,0.0,Pending
I500691,P3026,2026-08-31,110.01,312,34323.12,0.0,Paid
I500692,P3061,2025-09-19,162.6,21,3073.14,0.1,Paid
I500693,P3030,2026-07-02,142.51,421,56996.87,0.05,Overdue
I500694,P3100,2025-04-13,142.08,127,17502.84,0.03,Paid
I500695,P3106,2026-07-12,133.81,225,30107.25,0.0,Paid
I500696,P3105,2025-08-01,167.16,154,25742.64,0.0,Paid
I500697,P3011,2026-11-13,80.1,201,16100.1,0.0,Pending
I500698,P3113,2025-11-11,110.74,226,25027.24,0.0,Paid
I500699,P3118,2025-07-05,108.79,226,23357.21,0.05,Paid
I500700,P3083,2026-02-11,73.23,441,32294.43,0.0,Paid
I500701,P3063,2026-05-30,100.31,441,37601.2,0.15,Paid
I500702,P3032,2025-08-21,162.43,268,43531.24,0.0,Pending
I500703,P3066,2025-03-11,80.15,67,4564.54,0.15,Paid
I500704,P3048,2025-04-25,179.63,251,38324.06,0.15,Pending
I500705,P3066,2025-05-30,134.6,213,27236.31,0.05,Paid
I500706,P3061,2025-12-22,149.72,199,29794.28,0.0,Paid
I500707,P3102,2025-08-17,169.7,254,43103.8,0.0,Pending
I500708,P3044,2026-01-23,103.79,203,20015.9,0.05,Disputed
I500709,P3045,2026-04-10,127.37,61,7769.57,0.0,Pending
I500710,P3110,2025-11-12,144.81,464,63832.25,0.05,Paid
I500711,P3024,2026-01-09,158.13,226,35737.38,0.0,Pending
I500712,P3067,2026-09-24,145.17,226,31168.0,0.05,Pending
I500713,P3021,2025-12-27,176.32,90,13488.48,0.15,Paid
I500714,P3093,2026-02-11,97.78,97,9200.12,0.03,Paid
I500715,P3048,2026-06-07,176.88,209,36967.92,0.0,Paid
I500716,P3097,2025-03-11,136.59,360,47697.23,0.03,Pending
I500717,P3117,2025-03-22,168.94,383,62762.9,0.03,Paid
I500718,P3032,2026-02-20,87.72,295,23289.66,0.1,Paid
I500719,P3033,2026-03-05,110.41,93,10268.13,0.0,Paid
I500720,P3042,2025-03-15,93.96,117,9893.99,0.1,Paid
I500721,P3118,2025-01-24,141.11,115,15740.82,0.03,Paid
I500722,P3021,2025-04-07,71.47,45,3216.15,0.0,Paid
I500723,P3035,2026-10-23,85.97,264,21561.28,0.05,Pending
I500724,P3049,2025-04-07,115.34,232,26758.88,0.0,Paid
I500725,P3055,2025-09-20,126.46,93,11760.78,0.0,Overdue
I500726,P3075,2026-06-14,121.53,175,19140.98,0.1,Paid
I500727,P3075,2025-04-28,175.7,389,58095.2,0.15,Paid
I500728,P3022,2025-03-08,169.52,35,5933.2,0.0,Paid
I500729,P3003,2025-11-15,157.56,460,61605.96,0.15,Paid
I500730,P3098,2026-01-08,128.87,363,44440.82,0.05,Overdue
I500731,P3081,2025-05-30,130.68,69,8566.07,0.05,Overdue
I500732,P3079,2026-09-14,99.89,272,27170.08,0.0,Paid
I500733,P3005,2025-07-12,145.58,46,6696.68,0.0,Paid
I500734,P3031,2026-02-17,140.15,60,7988.55,0.05,Paid
I500735,P3054,2025-07-31,119.39,176,21012.64,0.0,Paid
I500736,P3062,2026-07-20,121.39,198,24035.22,0.0,Paid
I500737,P3108,2026-08-25,156.18,239,31727.97,0.15,Paid
I500738,P3105,2025-08-31,145.68,339,41977.69,0.15,Paid
I500739,P3032,2025-05-04,76.77,72,5527.44,0.0,Paid
I500740,P3061,2025-08-25,83.44,455,32270.42,0.15,Paid
I500741,P3035,2026-05-31,167.09,103,17210.27,0.0,Pending
I500742,P3039,2026-01-19,120.94,362,42466.87,0.03,Paid
I500743,P3116,2026-02-04,126.79,201,24210.55,0.05,Overdue
I500744,P3002,2025-03-01,153.46,339,46820.65,0.1,Paid
I500745,P3013,2026-06-03,146.91,43,6127.62,0.03,Pending
I500746,P3050,2025-10-19,105.43,277,28327.99,0.03,Pending
I500747,P3041,2025-05-02,144.86,306,42110.8,0.05,Paid
I500748,P3020,2025-04-17,159.39,310,46940.35,0.05,Paid
I500749,P3024,2026-04-07,173.46,57,8898.5,0.1,Overdue
I500750,P3012,2025-04-11,127.47,406,50200.24,0.03,Paid
I500751,P3098,2025-02-02,145.83,287,41853.21,0.0,Paid
I500752,P3113,2026-12-12,166.84,52,8675.68,0.0,Pending
I500753,P3001,2025-11-15,135.33,51,6901.83,0.0,Overdue
I500754,P3087,2026-04-13,162.57,192,31213.44,0.0,Pending
I500755,P3024,2026-09-19,151.24,396,53901.94,0.1,Pending
I500756,P3089,2025-12-01,109.01,120,11119.02,0.15,Paid
I500757,P3023,2025-04-27,158.9,350,50053.5,0.1,Paid
I500758,P3058,2026-05-10,111.49,246,27426.54,0.0,Overdue
I500759,P3020,2025-06-03,116.31,493,54473.79,0.05,Paid
I500760,P3064,2025-09-09,152.88,25,3822.0,0.0,Paid
I500761,P3047,2026-12-12,144.44,262,37843.28,0.0,Paid
I500762,P3061,2026-12-09,105.7,68,7187.6,0.0,Paid
I500763,P3003,2026-06-14,80.87,368,26784.14,0.1,Overdue
I500764,P3080,2026-06-09,176.22,117,20617.74,0.0,Pending
I500765,P3063,2025-02-15,139.02,474,59305.93,0.1,Paid
I500766,P3108,2026-10-31,160.66,463,70666.3,0.05,Paid
I500767,P3017,2025-06-30,71.47,382,23206.31,0.15,Overdue
I500768,P3119,2025-04-01,86.6,150,12990.0,0.0,Pending
I500769,P3115,2026-01-06,111.49,478,50627.61,0.05,Paid
I500770,P3071,2025-10-12,73.89,186,13743.54,0.0,Paid
I500771,P3022,2025-02-06,110.19,481,50351.32,0.05,Paid
I500772,P3007,2026-05-07,176.08,203,32169.82,0.1,Paid
I500773,P3062,2025-12-18,123.85,113,13995.05,0.0,Paid
I500774,P3113,2026-06-20,85.22,151,10937.99,0.15,Paid
I500775,P3048,2025-01-15,133.13,188,22525.6,0.1,Paid
I500776,P3037,2025-06-05,152.93,74,11316.82,0.0,Paid
I500777,P3024,2026-01-31,143.35,379,54329.65,0.0,Overdue
I500778,P3008,2026-09-10,133.92,172,20730.82,0.1,Paid
I500779,P3060,2025-09-07,123.35,128,14209.92,0.1,Paid
I500780,P3009,2025-02-16,136.59,384,52450.56,0.0,Paid
I500781,P3065,2025-02-03,83.24,476,38433.57,0.03,Pending
I500782,P3009,2026-07-27,140.92,66,7905.61,0.15,Paid
I500783,P3120,2025-02-26,79.76,42,3249.42,0.03,Paid
I500784,P3090,2025-05-26,124.25,40,4970.0,0.0,Paid
I500785,P3092,2026-05-09,108.55,474,46307.43,0.1,Paid
I500786,P3049,2025-05-29,139.35,218,30378.3,0.0,Paid
I500787,P3035,2026-03-06,74.66,314,21098.92,0.1,Paid
I500788,P3100,2026-12-02,175.74,226,35745.52,0.1,Paid
I500789,P3055,2025-11-20,113.7,97,9926.01,0.1,Disputed
I500790,P3043,2026-09-17,141.2,170,22803.8,0.05,Paid
I500791,P3109,2025-04-04,88.2,173,12969.81,0.15,Paid
I500792,P3055,2026-11-20,153.97,69,9561.54,0.1,Paid
I500793,P3024,2025-09-19,175.49,144,24512.44,0.03,Paid
I500794,P3031,2026-07-23,124.59,133,16570.47,0.0,Pending
I500795,P3035,2025-05-20,114.98,25,2443.32,0.15,Paid
I500796,P3050,2025-05-28,162.46,217,35253.82,0.0,Pending
I500797,P3019,2026-11-23,71.06,462,32829.72,0.0,Paid
I500798,P3095,2025-09-01,152.21,313,47641.73,0.0,Disputed
I500799,P3080,2026-11-27,142.79,427,59142.19,0.03,Paid
I500800,P3064,2025-08-09,83.52,144,10824.19,0.1,Paid
I500801,P3021,2026-07-01,163.45,337,46820.25,0.15,Overdue
I500802,P3023,2026-02-02,160.74,159,25557.66,0.0,Paid
I500803,P3049,2025-03-11,153.61,494,73606.84,0.03,Paid
I500804,P3007,2026-05-11,107.26,318,34108.68,0.0,Paid
I500805,P3110,2025-01-30,122.06,312,36178.58,0.05,Paid
I500806,P3040,2025-07-17,107.86,243,23588.98,0.1,Paid
I500807,P3083,2026-07-05,81.65,151,12329.15,0.0,Pending
I500808,P3108,2025-12-05,97.46,211,18507.65,0.1,Paid
I500809,P3015,2025-06-12,91.85,50,4454.72,0.03,Pending
I500810,P3042,2026-05-02,85.66,146,11255.72,0.1,Paid
I500811,P3111,2026-03-04,93.19,262,23194.99,0.05,Paid
I500812,P3091,2025-08-02,107.55,34,3473.86,0.05,Pending
I500813,P3058,2026-01-27,125.17,265,29853.04,0.1,Paid
I500814,P3062,2026-05-14,71.34,445,30158.98,0.05,Disputed
I500815,P3117,2026-08-29,109.99,135,12621.35,0.15,Overdue
I500816,P3091,2025-10-21,83.58,36,2918.61,0.03,Paid
I500817,P3120,2025-05-30,114.8,50,5740.0,0.0,Pending
I500818,P3066,2025-05-24,149.94,376,54686.12,0.03,Pending
I500819,P3085,2026-02-08,157.9,244,38527.6,0.0,Paid
I500820,P3013,2025-11-18,130.42,275,35865.5,0.0,Paid
I500821,P3055,2025-02-23,144.74,362,49776.09,0.05,Paid
I500822,P3064,2025-06-15,77.94,319,23619.72,0.05,Overdue
I500823,P3007,2026-04-27,80.6,48,3675.36,0.05,Paid
I500824,P3035,2025-04-11,145.79,321,44458.66,0.05,Paid
I500825,P3008,2026-04-18,133.89,168,21368.84,0.05,Paid
I500826,P3117,2025-11-14,108.72,235,24271.74,0.05,Paid
I500827,P3005,2025-03-14,167.75,307,51499.25,0.0,Paid
I500828,P3048,2026-01-04,148.77,430,62051.97,0.03,Paid
I500829,P3030,2026-05-22,106.34,209,22225.06,0.0,Overdue
I500830,P3080,2025-08-06,93.91,34,2714.0,0.15,Paid
I500831,P3105,2026-10-12,128.69,271,31387.49,0.1,Overdue
I500832,P3011,2025-05-22,156.49,408,63847.92,0.0,Disputed
I500833,P3101,2026-11-21,140.36,295,41406.2,0.0,Paid
I500834,P3022,2026-09-26,139.76,190,26554.4,0.0,Disputed
I500835,P3049,2026-03-14,110.29,282,31101.78,0.0,Paid
I500836,P3014,2026-01-13,94.96,245,19775.42,0.15,Pending
I500837,P3098,2026-11-22,70.56,458,30700.66,0.05,Paid
I500838,P3059,2026-10-09,94.3,216,20368.8,0.0,Paid
I500839,P3037,2025-12-31,101.3,304,29871.34,0.03,Disputed
I500840,P3016,2025-01-28,121.43,279,28797.12,0.15,Paid
I500841,P3031,2025-10-28,101.36,398,36307.15,0.1,Paid
I500842,P3042,2025-09-04,138.28,310,40723.46,0.05,Overdue
I500843,P3099,2025-03-01,113.82,50,5121.9,0.1,Paid
I500844,P3116,2025-11-14,124.53,487,54581.5,0.1,Paid
I500845,P3032,2026-03-21,145.03,419,60767.57,0.0,Paid
I500846,P3052,2025-03-30,72.89,46,3352.94,0.0,Paid
I500847,P3061,2026-04-18,160.77,346,53957.63,0.03,Paid
I500848,P3087,2025-06-25,138.09,447,55553.61,0.1,Paid
I500849,P3010,2026-05-27,78.05,219,16238.3,0.05,Paid
I500850,P3061,2026-07-30,146.37,247,36153.39,0.0,Overdue
I500851,P3034,2025-03-23,150.19,89,12698.56,0.05,Paid
I500852,P3051,2026-07-03,163.32,493,72465.08,0.1,Paid
I500853,P3023,2025-04-24,152.87,194,29656.78,0.0,Disputed
I500854,P3008,2026-03-16,113.26,466,47501.24,0.1,Paid
I500855,P3036,2026-04-19,169.17,78,13195.26,0.0,Paid
I500856,P3034,2026-07-27,116.9,215,25133.5,0.0,Pending
I500857,P3025,2026-02-16,142.37,190,27050.3,0.0,Paid
I500858,P3050,2026-03-20,172.93,231,33954.81,0.15,Paid
I500859,P3037,2025-06-05,175.46,346,58887.89,0.03,Overdue
I500860,P3030,2025-03-21,92.39,379,29763.44,0.15,Paid
I500861,P3074,2025-02-03,168.59,315,47795.26,0.1,Pending
I500862,P3114,2026-06-28,92.28,39,3059.08,0.15,Overdue
I500863,P3030,2025-04-07,146.83,99,14100.08,0.03,Paid
I500864,P3027,2026-05-18,103.31,298,30786.38,0.0,Paid
I500865,P3064,2025-06-06,143.64,445,63919.8,0.0,Paid
I500866,P3056,2025-08-02,144.12,240,33551.14,0.03,Paid
I500867,P3118,2025-08-18,88.85,394,31506.21,0.1,Pending
I500868,P3086,2026-09-13,153.59,386,59285.74,0.0,Disputed
I500869,P3077,2026-07-20,95.45,144,13744.8,0.0,Paid
I500870,P3059,2026-08-05,102.86,20,2057.2,0.0,Paid
I500871,P3080,2026-04-11,122.06,413,47890.24,0.05,Overdue
I500872,P3066,2026-08-16,111.69,83,9270.27,0.0,Overdue
I500873,P3060,2025-05-14,136.99,192,22356.77,0.15,Paid
I500874,P3036,2026-07-03,144.94,349,42996.45,0.15,Disputed
I500875,P3023,2025-06-04,165.65,317,49885.5,0.05,Overdue
I500876,P3068,2025-07-29,119.01,226,26896.26,0.0,Paid
I500877,P3088,2025-10-20,161.28,97,15644.16,0.0,Overdue
I500878,P3111,2025-11-29,86.84,106,9205.04,0.0,Paid
I500879,P3018,2026-09-15,173.05,332,54579.97,0.05,Paid
I500880,P3057,2026-05-05,104.37,492,49809.54,0.03,Pending
I500881,P3070,2026-11-24,110.69,201,21581.23,0.03,Paid
I500882,P3059,2025-04-24,129.53,272,33470.55,0.05,Overdue
I500883,P3089,2025-08-13,82.22,367,27157.27,0.1,Paid
I500884,P3088,2026-02-28,137.79,162,20089.78,0.1,Paid
I500885,P3026,2025-02-05,86.01,35,3010.35,0.0,Pending
I500886,P3070,2026-08-30,123.56,178,20894.0,0.05,Paid
I500887,P3052,2025-03-31,133.16,84,10626.17,0.05,Paid
I500888,P3036,2026-12-18,132.75,187,24824.25,0.0,Paid
I500889,P3088,2025-03-13,137.08,184,25222.72,0.0,Overdue
I500890,P3002,2025-10-07,175.01,57,9975.57,0.0,Paid
I500891,P3015,2025-06-07,135.3,210,28413.0,0.0,Paid
I500892,P3086,2026-02-11,144.22,138,17912.12,0.1,Disputed
I500893,P3002,2026-09-12,167.09,281,42257.06,0.1,Paid
I500894,P3090,2026-09-24,99.78,196,19556.88,0.0,Paid
I500895,P3057,2026-03-06,179.94,163,29330.22,0.0,Pending
I500896,P3100,2026-11-01,83.4,388,27505.32,0.15,Paid
I500897,P3085,2026-08-07,109.99,318,33227.98,0.05,Disputed
I500898,P3064,2025-12-15,89.67,250,21744.98,0.03,Overdue
I500899,P3083,2025-02-21,148.51,192,24236.83,0.15,Disputed
I500900,P3006,2026-04-10,172.41,494,85170.54,0.0,Paid
I500901,P3047,2025-07-09,97.6,172,16787.2,0.0,Overdue
I500902,P3018,2025-03-15,102.22,341,34857.02,0.0,Paid
I500903,P3041,2026-09-29,82.8,455,36543.78,0.03,Pending
I500904,P3055,2025-03-18,109.99,167,15613.08,0.15,Paid
I500905,P3014,2026-08-15,91.06,394,35877.64,0.0,Paid
I500906,P3029,2026-05-05,105.53,333,34087.25,0.03,Paid
I500907,P3088,2026-03-19,138.16,39,5118.83,0.05,Paid
I500908,P3040,2025-10-19,112.82,340,38358.8,0.0,Paid
I500909,P3010,2025-12-29,80.08,306,24504.48,0.0,Pending
I500910,P3004,2025-10-11,89.48,187,15896.12,0.05,Paid
I500911,P3053,2026-03-31,122.17,145,17714.65,0.0,Paid
I500912,P3095,2025-06-16,139.71,298,35388.54,0.15,Paid
I500913,P3008,2026-10-28,83.02,303,25155.06,0.0,Paid
I500914,P3042,2026-12-09,151.26,75,11344.5,0.0,Overdue
I500915,P3072,2026-10-04,109.4,445,48683.0,0.0,Paid
I500916,P3001,2025-03-12,104.45,352,36766.4,0.0,Pending
I500917,P3037,2025-08-13,129.69,39,5057.91,0.0,Paid
I500918,P3073,2026-07-23,79.3,194,14614.99,0.05,Paid
I500919,P3074,2025-06-24,134.1,82,10666.31,0.03,Paid
I500920,P3115,2026-04-13,108.33,380,41165.4,0.0,Paid
I500921,P3002,2025-05-14,144.56,81,11709.36,0.0,Disputed
I500922,P3043,2026-06-10,89.91,173,13998.99,0.1,Paid
I500923,P3076,2026-06-12,130.72,149,17529.55,0.1,Overdue
I500924,P3099,2025-08-23,105.26,310,32630.6,0.0,Pending
I500925,P3015,2025-06-02,176.59,154,25835.12,0.05,Pending
I500926,P3066,2025-03-29,112.91,277,31276.07,0.0,Paid
I500927,P3021,2026-09-22,160.85,24,3744.59,0.03,Paid
I500928,P3100,2025-08-14,80.27,256,20549.12,0.0,Overdue
I500929,P3094,2026-08-31,78.67,215,16914.05,0.0,Pending
I500930,P3097,2026-04-19,157.15,428,60534.18,0.1,Paid
I500931,P3119,2025-02-02,175.52,235,41247.2,0.0,Pending
I500932,P3065,2026-09-08,113.35,98,9997.47,0.1,Disputed
I500933,P3092,2026-03-10,171.58,278,45314.28,0.05,Paid
I500934,P3026,2026-03-29,96.33,283,25898.32,0.05,Paid
I500935,P3033,2026-09-06,175.64,52,8676.62,0.05,Paid
I500936,P3017,2025-06-28,144.65,457,66105.05,0.0,Paid
I500937,P3030,2026-01-12,169.85,192,29350.08,0.1,Paid
I500938,P3097,2026-07-16,163.21,111,15398.86,0.15,Pending
I500939,P3070,2025-02-06,83.47,457,38145.79,0.0,Paid
I500940,P3062,2026-03-12,84.33,162,13661.46,0.0,Paid
I500941,P3032,2026-01-13,118.31,144,15332.98,0.1,Disputed
I500942,P3084,2025-12-24,76.94,434,30052.76,0.1,Paid
I500943,P3041,2026-06-11,119.65,157,18785.05,0.0,Paid
I500944,P3084,2025-08-29,110.17,400,42745.96,0.03,Paid
I500945,P3083,2026-10-02,85.52,385,29632.68,0.1,Paid
I500946,P3074,2026-08-22,161.02,128,20610.56,0.0,Paid
I500947,P3111,2026-03-12,151.81,213,29101.98,0.1,Overdue
I500948,P3042,2025-03-08,145.48,450,65466.0,0.0,Paid
I500949,P3044,2025-07-02,105.26,87,8241.86,0.1,Paid
I500950,P3114,2025-02-04,140.13,234,31806.71,0.03,Paid
I500951,P3035,2025-09-04,85.7,329,28195.3,0.0,Paid
I500952,P3111,2026-05-20,163.04,382,59167.22,0.05,Pending
I500953,P3041,2026-07-14,89.41,227,20296.07,0.0,Paid
I500954,P3076,2026-06-18,119.57,219,23567.25,0.1,Paid
I500955,P3038,2025-08-12,92.31,200,15692.7,0.15,Paid
I500956,P3001,2026-06-14,162.91,280,43334.06,0.05,Pending
I500957,P3043,2025-03-10,131.33,116,15234.28,0.0,Overdue
I500958,P3010,2026-11-15,166.45,443,66363.61,0.1,Pending
I500959,P3049,2026-09-16,80.61,432,34823.52,0.0,Paid
I500960,P3075,2026-08-07,86.0,59,4921.78,0.03,Paid
I500961,P3060,2026-12-09,78.59,490,38509.1,0.0,Paid
I500962,P3034,2025-10-21,102.3,65,6450.02,0.03,Paid
I500963,P3092,2026-01-09,161.1,285,45913.5,0.0,Paid
I500964,P3024,2026-06-03,127.56,315,34154.19,0.15,Pending
I500965,P3097,2026-12-19,83.97,25,1889.32,0.1,Paid
I500966,P3037,2025-04-21,177.63,151,24139.92,0.1,Pending
I500967,P3088,2025-05-11,92.76,156,14036.44,0.03,Pending
I500968,P3117,2026-04-18,96.28,38,3658.64,0.0,Paid
I500969,P3020,2026-07-21,143.0,146,20878.0,0.0,Paid
I500970,P3032,2025-05-11,128.71,418,53800.78,0.0,Paid
I500971,P3099,2026-04-24,73.04,28,1942.86,0.05,Pending
I500972,P3079,2026-07-01,177.67,130,23097.1,0.0,Paid
I500973,P3039,2026-05-22,79.16,400,28497.6,0.1,Paid
I500974,P3051,2025-06-29,175.24,310,54324.4,0.0,Overdue
I500975,P3085,2025-11-02,104.04,220,20599.92,0.1,Pending
I500976,P3069,2026-09-30,140.93,86,10301.98,0.15,Paid
I500977,P3025,2026-09-29,70.71,312,22061.52,0.0,Paid
I500978,P3078,2025-12-23,140.92,286,40303.12,0.0,Paid
I500979,P3032,2025-04-19,178.54,195,34815.3,0.0,Paid
I500980,P3087,2026-05-27,175.25,335,55773.31,0.05,Pending
I500981,P3022,2025-06-18,96.41,243,23427.63,0.0,Paid
I500982,P3004,2025-12-07,99.76,478,47685.28,0.0,Paid
I500983,P3079,2025-12-08,77.25,193,14163.79,0.05,Overdue
I500984,P3045,2026-05-02,154.44,344,51533.54,0.03,Paid
I500985,P3112,2025-03-28,125.23,337,40092.38,0.05,Overdue
I500986,P3113,2025-07-14,127.2,191,24295.2,0.0,Overdue
I500987,P3103,2026-09-09,106.61,292,31130.12,0.0,Paid
I500988,P3050,2026-07-18,147.26,351,51688.26,0.0,Disputed
I500989,P3021,2026-10-27,99.82,271,27051.22,0.0,Paid
I500990,P3112,2025-06-07,80.06,429,29193.88,0.15,Paid
I500991,P3014,2025-04-20,164.9,271,43347.26,0.03,Paid
I500992,P3012,2026-08-06,142.3,429,61046.7,0.0,Pending
I500993,P3015,2026-01-01,112.64,160,17121.28,0.05,Paid
I500994,P3044,2025-12-18,148.54,482,68016.47,0.05,Paid
I500995,P3064,2025-02-13,156.87,465,69297.32,0.05,Pending
I500996,P3053,2025-04-18,146.92,448,65820.16,0.0,Paid
I500997,P3055,2026-06-30,151.53,334,43019.37,0.15,Pending
I500998,P3035,2026-02-17,167.95,22,3694.9,0.0,Paid
I500999,P3035,2025-11-24,147.82,99,14634.18,0.0,Paid
I501000,P3049,2026-11-05,131.11,429,54558.8,0.03,Pending
I501001,P3003,2026-08-01,101.13,261,25075.18,0.05,Paid
I501002,P3037,2025-08-24,158.49,22,2963.76,0.15,Pending
I501003,P3016,2025-10-08,128.83,31,3594.36,0.1,Disputed
I501004,P3098,2026-03-23,173.21,488,80300.16,0.05,Overdue
I501005,P3052,2025-10-21,164.47,395,61717.37,0.05,Paid
I501006,P3107,2026-08-04,99.61,200,19922.0,0.0,Paid
I501007,P3064,2025-12-24,158.54,67,9028.85,0.15,Paid
I501008,P3067,2026-03-11,130.33,74,8679.98,0.1,Paid
I501009,P3044,2026-08-22,138.99,66,8714.67,0.05,Paid
I501010,P3001,2025-11-11,94.28,258,23594.51,0.03,Paid
I501011,P3117,2026-06-13,116.27,193,20196.1,0.1,Paid
I501012,P3034,2025-04-19,99.0,352,29620.8,0.15,Pending
I501013,P3037,2026-02-23,70.78,219,13175.7,0.15,Pending
I501014,P3016,2026-08-26,172.55,136,22762.8,0.03,Disputed
I501015,P3037,2025-11-17,118.25,352,40375.28,0.03,Disputed
I501016,P3004,2026-01-23,86.77,340,29501.8,0.0,Paid
I501017,P3111,2025-10-15,111.77,352,39343.04,0.0,Paid
I501018,P3047,2026-08-28,123.17,185,19368.48,0.15,Paid
I501019,P3093,2025-07-25,127.41,422,51078.67,0.05,Paid
I501020,P3023,2026-09-28,92.36,20,1847.2,0.0,Pending
I501021,P3027,2026-08-11,133.96,470,62961.2,0.0,Overdue
I501022,P3009,2025-02-16,146.49,93,13623.57,0.0,Paid
I501023,P3027,2025-12-22,131.26,420,46859.82,0.15,Paid
I501024,P3094,2026-02-27,81.11,447,36256.17,0.0,Overdue
I501025,P3105,2025-06-20,172.73,44,7220.11,0.05,Pending
I501026,P3067,2026-09-30,150.15,44,6606.6,0.0,Disputed
I501027,P3109,2025-02-26,95.18,441,35678.22,0.15,Overdue
I501028,P3057,2026-02-05,137.28,339,46537.92,0.0,Paid
I501029,P3101,2026-03-25,167.34,234,37199.68,0.05,Paid
I501030,P3102,2026-09-12,176.84,302,48065.11,0.1,Paid
I501031,P3052,2026-01-10,135.4,81,10419.03,0.05,Pending
I501032,P3079,2025-11-02,154.57,421,61820.27,0.05,Paid
I501033,P3080,2025-04-08,76.64,274,20999.36,0.0,Overdue
I501034,P3002,2026-05-20,169.33,445,73091.29,0.03,Paid
I501035,P3049,2025-07-08,134.07,451,54419.01,0.1,Pending
I501036,P3083,2025-12-07,84.98,484,41130.32,0.0,Paid
I501037,P3051,2026-05-28,97.2,170,15697.8,0.05,Paid
I501038,P3110,2026-08-26,108.13,493,50642.69,0.05,Disputed
I501039,P3047,2026-08-08,105.39,254,24092.15,0.1,Overdue
I501040,P3096,2025-04-28,155.51,191,29702.41,0.0,Pending
I501041,P3037,2025-12-25,116.83,391,45680.53,0.0,Pending
I501042,P3014,2026-05-29,129.63,256,33185.28,0.0,Paid
I501043,P3054,2026-08-20,95.2,334,30842.9,0.03,Paid
I501044,P3028,2025-10-26,97.78,415,34491.89,0.15,Paid
I501045,P3038,2026-10-19,93.1,373,34726.3,0.0,Paid
I501046,P3007,2025-10-01,110.85,147,16294.95,0.0,Pending
I501047,P3025,2026-01-26,156.61,399,62487.39,0.0,Pending
I501048,P3091,2025-06-05,138.74,275,37008.89,0.03,Paid
I501049,P3071,2025-11-17,90.95,246,22373.7,0.0,Paid
I501050,P3010,2026-08-25,168.39,463,75625.63,0.03,Paid
I501051,P3058,2026-07-13,145.28,167,24261.76,0.0,Pending
I501052,P3102,2026-01-08,177.17,55,9744.35,0.0,Paid
I501053,P3098,2026-07-13,124.96,381,47609.76,0.0,Disputed
I501054,P3084,2025-06-16,157.85,364,48838.79,0.15,Paid
I501055,P3082,2026-07-10,163.59,277,45314.43,0.0,Pending
I501056,P3004,2026-11-14,109.62,309,30485.32,0.1,Overdue
I501057,P3096,2025-11-01,104.19,203,20093.04,0.05,Paid
I501058,P3007,2025-05-18,150.68,234,35259.12,0.0,Pending
I501059,P3097,2026-08-16,90.62,435,35477.73,0.1,Paid
I501060,P3005,2025-09-22,91.1,496,45185.6,0.0,Paid
I501061,P3085,2025-12-14,151.94,236,35857.84,0.0,Overdue
I501062,P3009,2025-06-03,171.62,109,18145.38,0.03,Disputed
I501063,P3080,2026-02-09,136.1,105,13575.97,0.05,Paid
I501064,P3038,2026-05-03,170.21,333,56679.93,0.0,Paid
I501065,P3085,2026-07-08,127.2,170,21624.0,0.0,Paid
I501066,P3019,2026-04-27,148.46,53,7868.38,0.0,Overdue
I501067,P3052,2025-09-07,91.69,472,38949.91,0.1,Overdue
I501068,P3021,2026-11-25,113.27,455,51537.85,0.0,Overdue
I501069,P3037,2026-11-19,76.0,117,7558.2,0.15,Paid
I501070,P3074,2026-02-28,148.17,389,54756.22,0.05,Paid
I501071,P3024,2026-06-29,131.13,218,27157.02,0.05,Paid
I501072,P3014,2026-05-07,81.03,210,17016.3,0.0,Paid
I501073,P3043,2025-12-16,138.8,227,30562.37,0.03,Overdue
I501074,P3108,2025-01-15,174.58,218,32349.67,0.15,Paid
I501075,P3060,2025-06-27,131.75,328,43214.0,0.0,Paid
I501076,P3114,2026-02-08,174.37,497,86661.89,0.0,Paid
I501077,P3108,2025-06-14,112.32,173,18848.42,0.03,Overdue
I501078,P3080,2025-06-22,147.28,331,48749.68,0.0,Paid
I501079,P3070,2026-09-04,100.77,123,11155.24,0.1,Paid
I501080,P3082,2025-07-10,86.28,113,9457.15,0.03,Paid
I501081,P3025,2026-08-30,175.2,64,11212.8,0.0,Paid
I501082,P3028,2025-03-07,103.53,157,16254.21,0.0,Disputed
I501083,P3070,2026-10-09,79.23,61,4591.38,0.05,Pending
I501084,P3113,2026-01-18,81.3,329,24072.93,0.1,Paid
I501085,P3085,2026-07-30,105.15,41,3664.48,0.15,Paid
I501086,P3111,2025-06-27,111.05,417,46307.85,0.0,Paid
I501087,P3037,2025-12-07,156.5,190,25274.75,0.15,Pending
I501088,P3051,2025-05-23,73.26,265,19413.9,0.0,Paid
I501089,P3031,2025-01-17,173.94,238,41397.72,0.0,Disputed
I501090,P3115,2025-04-27,83.72,93,7396.66,0.05,Paid
I501091,P3021,2025-09-03,161.03,358,57648.74,0.0,Paid
I501092,P3090,2025-10-27,70.79,286,20245.94,0.0,Paid
I501093,P3095,2025-04-28,149.28,310,43962.96,0.05,Paid
I501094,P3111,2025-04-21,177.31,213,32101.98,0.15,Paid
I501095,P3074,2026-07-27,128.22,222,28464.84,0.0,Paid
I501096,P3007,2025-11-06,135.18,141,18107.36,0.05,Paid
I501097,P3079,2025-03-23,163.41,458,63615.51,0.15,Pending
I501098,P3079,2025-04-02,85.56,492,39990.74,0.05,Pending
I501099,P3029,2025-08-13,96.39,252,23075.77,0.05,Paid
I501100,P3087,2026-10-31,123.63,59,6564.75,0.1,Paid
